-- --------------------------------------------------------
-- Host:                         127.0.0.1
-- Server version:               8.0.30 - MySQL Community Server - GPL
-- Server OS:                    Win64
-- HeidiSQL Version:             12.1.0.6537
-- --------------------------------------------------------

/*!40101 SET @OLD_CHARACTER_SET_CLIENT=@@CHARACTER_SET_CLIENT */;
/*!40101 SET NAMES utf8 */;
/*!50503 SET NAMES utf8mb4 */;
/*!40103 SET @OLD_TIME_ZONE=@@TIME_ZONE */;
/*!40103 SET TIME_ZONE='+00:00' */;
/*!40014 SET @OLD_FOREIGN_KEY_CHECKS=@@FOREIGN_KEY_CHECKS, FOREIGN_KEY_CHECKS=0 */;
/*!40101 SET @OLD_SQL_MODE=@@SQL_MODE, SQL_MODE='NO_AUTO_VALUE_ON_ZERO' */;
/*!40111 SET @OLD_SQL_NOTES=@@SQL_NOTES, SQL_NOTES=0 */;


-- Dumping database structure for csms_db
CREATE DATABASE IF NOT EXISTS `csms_db` /*!40100 DEFAULT CHARACTER SET utf8mb4 COLLATE utf8mb4_0900_ai_ci */ /*!80016 DEFAULT ENCRYPTION='N' */;
USE `csms_db`;

-- Dumping structure for table csms_db.charging_stations
CREATE TABLE IF NOT EXISTS `charging_stations` (
  `id` int NOT NULL AUTO_INCREMENT,
  `charge_point_id` varchar(50) NOT NULL,
  `name` varchar(100) NOT NULL,
  `location` varchar(255) DEFAULT NULL,
  `status` enum('Available','Occupied','Faulted','Unavailable','Reserved','Preparing','Charging','SuspendedEVSE','SuspendedEV','Finishing') DEFAULT 'Unavailable',
  `last_heartbeat` timestamp NULL DEFAULT NULL,
  `created_at` timestamp NULL DEFAULT CURRENT_TIMESTAMP,
  PRIMARY KEY (`id`),
  UNIQUE KEY `charge_point_id` (`charge_point_id`)
) ENGINE=InnoDB AUTO_INCREMENT=7 DEFAULT CHARSET=utf8mb4 COLLATE=utf8mb4_0900_ai_ci;

-- Dumping data for table csms_db.charging_stations: ~2 rows (approximately)
INSERT INTO `charging_stations` (`id`, `charge_point_id`, `name`, `location`, `status`, `last_heartbeat`, `created_at`) VALUES
	(1, 'TEST_STATION_01', 'Station TEST_STATION_01', 'Auto-created', 'Available', '2025-12-20 18:09:49', '2025-12-20 18:08:28'),
	(2, 'TEST_STATION_1766254393461', 'Test Station API', 'Test Location', 'Available', NULL, '2025-12-20 18:13:13'),
	(3, 'STATION_ADVANCED_01', 'Station STATION_ADVANCED_01', 'Auto-created', 'Available', '2026-01-01 18:26:08', '2025-12-20 18:13:38'),
	(5, 'b45', 'b45', 'ciakrang', 'Available', '2026-01-01 18:33:57', '2026-01-01 18:26:16'),
	(6, 'cuy', 'cuy', 'serang', 'Available', '2026-01-01 18:34:10', '2026-01-01 18:31:35');

-- Dumping structure for table csms_db.connectors
CREATE TABLE IF NOT EXISTS `connectors` (
  `id` int NOT NULL AUTO_INCREMENT,
  `charging_station_id` int DEFAULT NULL,
  `connector_id` int NOT NULL,
  `status` enum('Available','Occupied','Reserved','Unavailable','Faulted','Preparing','Charging','SuspendedEVSE','SuspendedEV','Finishing') DEFAULT 'Unavailable',
  PRIMARY KEY (`id`),
  KEY `charging_station_id` (`charging_station_id`),
  CONSTRAINT `connectors_ibfk_1` FOREIGN KEY (`charging_station_id`) REFERENCES `charging_stations` (`id`) ON DELETE CASCADE
) ENGINE=InnoDB AUTO_INCREMENT=16 DEFAULT CHARSET=utf8mb4 COLLATE=utf8mb4_0900_ai_ci;

-- Dumping data for table csms_db.connectors: ~4 rows (approximately)
INSERT INTO `connectors` (`id`, `charging_station_id`, `connector_id`, `status`) VALUES
	(1, 1, 1, 'Available'),
	(2, 2, 1, 'Available'),
	(3, 2, 2, 'Available'),
	(4, 3, 1, 'Available'),
	(5, 1, 1, 'Available'),
	(6, 5, 1, 'Available'),
	(7, 5, 2, 'Available'),
	(8, 5, 3, 'Available'),
	(9, 6, 1, 'Available'),
	(10, 6, 2, 'Available'),
	(11, 6, 3, 'Available'),
	(12, 6, 4, 'Available'),
	(13, 6, 5, 'Available'),
	(14, 6, 6, 'Available'),
	(15, 6, 7, 'Available');

-- Dumping structure for table csms_db.ocpp_messages
CREATE TABLE IF NOT EXISTS `ocpp_messages` (
  `id` int NOT NULL AUTO_INCREMENT,
  `charge_point_id` varchar(50) DEFAULT NULL,
  `message_type` enum('Call','CallResult','CallError') DEFAULT NULL,
  `action` varchar(50) DEFAULT NULL,
  `message_id` varchar(36) DEFAULT NULL,
  `payload` json DEFAULT NULL,
  `timestamp` timestamp NULL DEFAULT CURRENT_TIMESTAMP,
  PRIMARY KEY (`id`),
  KEY `charge_point_id` (`charge_point_id`),
  CONSTRAINT `ocpp_messages_ibfk_1` FOREIGN KEY (`charge_point_id`) REFERENCES `charging_stations` (`charge_point_id`) ON DELETE CASCADE
) ENGINE=InnoDB AUTO_INCREMENT=521 DEFAULT CHARSET=utf8mb4 COLLATE=utf8mb4_0900_ai_ci;

-- Dumping data for table csms_db.ocpp_messages: ~364 rows (approximately)
INSERT INTO `ocpp_messages` (`id`, `charge_point_id`, `message_type`, `action`, `message_id`, `payload`, `timestamp`) VALUES
	(9, 'TEST_STATION_01', 'Call', 'BootNotification', 'cf2d544d-1520-4eab-b8f1-a6ed2c0920bb', '{"firmwareVersion": "1.0.0", "chargePointModel": "Test Model", "chargePointVendor": "Test Vendor", "chargePointSerialNumber": "TEST123"}', '2025-12-20 18:08:30'),
	(10, 'TEST_STATION_01', 'Call', 'Heartbeat', '6382ee32-9335-4787-9eff-3d4a8136ce8c', '{}', '2025-12-20 18:08:31'),
	(11, 'TEST_STATION_01', 'Call', 'StatusNotification', '2e522d2a-da7b-44fd-82f5-b2ca820be213', '{"status": "Available", "errorCode": "NoError", "timestamp": "2025-12-20T18:08:32.249Z", "connectorId": 1}', '2025-12-20 18:08:32'),
	(12, 'TEST_STATION_01', 'Call', 'Authorize', 'c400624b-4d5d-48b2-a530-a47917b8494e', '{"idTag": "TEST_TAG_001"}', '2025-12-20 18:08:33'),
	(13, 'TEST_STATION_01', 'Call', 'StartTransaction', 'af4460cb-dcea-460a-afe4-9e48916e39ce', '{"idTag": "TEST_TAG_001", "timestamp": "2025-12-20T18:08:34.481Z", "meterStart": 1000, "connectorId": 1}', '2025-12-20 18:08:34'),
	(14, 'TEST_STATION_01', 'Call', 'MeterValues', '4c74f09d-b818-4dfd-8165-bd98a6211ef4', '{"meterValue": [{"timestamp": "2025-12-20T18:08:35.615Z", "sampledValue": [{"unit": "kWh", "value": "25.5", "measurand": "Energy.Active.Import.Register"}]}], "connectorId": 1, "transactionId": 511246}', '2025-12-20 18:08:35'),
	(15, 'TEST_STATION_01', 'Call', 'StopTransaction', '8cf487c7-295b-4a4a-add1-4e436ace252c', '{"reason": "Local", "meterStop": 1500, "timestamp": "2025-12-20T18:08:36.730Z", "transactionId": 511246}', '2025-12-20 18:08:36'),
	(16, 'TEST_STATION_01', 'Call', '{}', 'f9284d3e-0251-4724-9a19-532ef7ce7b7a', '{}', '2025-12-20 18:09:47'),
	(17, 'TEST_STATION_01', 'Call', 'BootNotification', '00a002ff-9765-46ff-9a73-cabab95df78d', '{"firmwareVersion": "1.0.0", "chargePointModel": "Test Model", "chargePointVendor": "Test Vendor", "chargePointSerialNumber": "TEST123"}', '2025-12-20 18:09:48'),
	(18, 'TEST_STATION_01', 'Call', 'Heartbeat', '61dd82b1-c766-491c-bda3-3b7965b6a673', '{}', '2025-12-20 18:09:49'),
	(19, 'TEST_STATION_01', 'Call', 'StatusNotification', '3425af9b-9a81-46db-9807-14967c28f414', '{"status": "Available", "errorCode": "NoError", "timestamp": "2025-12-20T18:09:51.026Z", "connectorId": 1}', '2025-12-20 18:09:51'),
	(20, 'TEST_STATION_01', 'Call', 'Authorize', '088e5d37-6b43-4964-b015-eef44cfff32a', '{"idTag": "TEST_TAG_001"}', '2025-12-20 18:09:52'),
	(21, 'TEST_STATION_01', 'Call', 'StartTransaction', '316544e0-1db8-4274-9755-dbe46725e5ed', '{"idTag": "TEST_TAG_001", "timestamp": "2025-12-20T18:09:53.260Z", "meterStart": 1000, "connectorId": 1}', '2025-12-20 18:09:53'),
	(22, 'TEST_STATION_01', 'Call', 'MeterValues', '1d25b9d3-f818-41cb-9b4e-c0003c056901', '{"meterValue": [{"timestamp": "2025-12-20T18:09:54.381Z", "sampledValue": [{"unit": "kWh", "value": "25.5", "measurand": "Energy.Active.Import.Register"}]}], "connectorId": 1, "transactionId": 894549}', '2025-12-20 18:09:54'),
	(23, 'TEST_STATION_01', 'Call', 'StopTransaction', '0d392ac1-2cbc-456b-b268-f9d6ed0989c9', '{"reason": "Local", "meterStop": 1500, "timestamp": "2025-12-20T18:09:55.491Z", "transactionId": 894549}', '2025-12-20 18:09:55'),
	(24, 'STATION_ADVANCED_01', 'Call', '{}', 'bb01a137-b705-4b43-8837-d7859efacdb9', '{}', '2025-12-20 18:13:38'),
	(25, 'STATION_ADVANCED_01', 'Call', 'BootNotification', '58886df5-8734-4951-806c-5471f50444be', '{"firmwareVersion": "2.0.0", "chargePointModel": "AT-1000", "chargePointVendor": "Advanced Tester", "chargePointSerialNumber": "SN-STATION_ADVANCED_01"}', '2025-12-20 18:13:39'),
	(26, 'STATION_ADVANCED_01', 'Call', 'StatusNotification', '11d4d1b3-f22c-4bf3-9cdd-da4e840aa0b2', '{"status": "Available", "errorCode": "NoError", "timestamp": "2025-12-20T18:13:41.770Z", "connectorId": 1}', '2025-12-20 18:13:41'),
	(27, 'STATION_ADVANCED_01', 'Call', 'Authorize', '1f6f240c-f084-46eb-977c-ce75c49e0202', '{"idTag": "ADVANCED_TAG_001"}', '2025-12-20 18:13:42'),
	(28, 'STATION_ADVANCED_01', 'Call', 'StatusNotification', '7ae0fd26-edbd-4271-82ed-4e6dcd327727', '{"status": "Preparing", "errorCode": "NoError", "timestamp": "2025-12-20T18:13:44.789Z", "connectorId": 1}', '2025-12-20 18:13:44'),
	(29, 'STATION_ADVANCED_01', 'Call', 'StartTransaction', 'd81200b8-bb64-4c04-baa3-ff6ebdf0e2c9', '{"idTag": "ADVANCED_TAG_001", "timestamp": "2025-12-20T18:13:45.806Z", "meterStart": 759, "connectorId": 1}', '2025-12-20 18:13:45'),
	(30, 'STATION_ADVANCED_01', 'Call', 'StatusNotification', 'a9957d8d-0787-4548-b057-194b5305679d', '{"status": "Charging", "errorCode": "NoError", "timestamp": "2025-12-20T18:13:47.807Z", "connectorId": 1}', '2025-12-20 18:13:47'),
	(31, 'STATION_ADVANCED_01', 'Call', 'MeterValues', '82756be7-8ad4-4183-bbd5-d6569eeab8af', '{"meterValue": [{"timestamp": "2025-12-20T18:13:55.821Z", "sampledValue": [{"unit": "Wh", "value": "765", "measurand": "Energy.Active.Import.Register"}, {"unit": "kW", "value": "5.81", "measurand": "Power.Active.Import"}, {"unit": "V", "value": "233.1", "measurand": "Voltage"}, {"unit": "A", "value": "14.39", "measurand": "Current.Import"}]}], "connectorId": 1, "transactionId": 214399}', '2025-12-20 18:13:55'),
	(32, 'STATION_ADVANCED_01', 'Call', 'MeterValues', 'fdc4c6a3-b252-4569-b5fb-fe93f845c7bf', '{"meterValue": [{"timestamp": "2025-12-20T18:14:05.824Z", "sampledValue": [{"unit": "Wh", "value": "779", "measurand": "Energy.Active.Import.Register"}, {"unit": "kW", "value": "18.12", "measurand": "Power.Active.Import"}, {"unit": "V", "value": "235.3", "measurand": "Voltage"}, {"unit": "A", "value": "44.46", "measurand": "Current.Import"}]}], "connectorId": 1, "transactionId": 214399}', '2025-12-20 18:14:05'),
	(33, 'STATION_ADVANCED_01', 'Call', 'Heartbeat', '742a8575-fa54-4cc3-b920-2ffb402d0e1a', '{}', '2025-12-20 18:14:08'),
	(34, 'STATION_ADVANCED_01', 'Call', 'MeterValues', 'd30c058f-11d6-4c8f-a179-5131406cb5e2', '{"meterValue": [{"timestamp": "2025-12-20T18:14:15.838Z", "sampledValue": [{"unit": "Wh", "value": "788", "measurand": "Energy.Active.Import.Register"}, {"unit": "kW", "value": "16.45", "measurand": "Power.Active.Import"}, {"unit": "V", "value": "227.7", "measurand": "Voltage"}, {"unit": "A", "value": "41.71", "measurand": "Current.Import"}]}], "connectorId": 1, "transactionId": 214399}', '2025-12-20 18:14:15'),
	(35, 'STATION_ADVANCED_01', 'Call', '{}', '58eef763-e534-4b58-a71b-edea2f1701b5', '{}', '2025-12-20 18:15:49'),
	(36, 'STATION_ADVANCED_01', 'Call', 'BootNotification', 'f51337db-65cc-4cf3-a2f3-8406cdcbd91e', '{"firmwareVersion": "2.0.0", "chargePointModel": "AT-1000", "chargePointVendor": "Advanced Tester", "chargePointSerialNumber": "SN-STATION_ADVANCED_01"}', '2025-12-20 18:15:50'),
	(37, 'STATION_ADVANCED_01', 'Call', 'StatusNotification', 'd7f3afb9-3d90-4760-9649-293d47220ece', '{"status": "Available", "errorCode": "NoError", "timestamp": "2025-12-20T18:15:52.352Z", "connectorId": 1}', '2025-12-20 18:15:52'),
	(38, 'STATION_ADVANCED_01', 'Call', 'Authorize', '4896be42-a2ec-442a-8838-955c9d8553b6', '{"idTag": "ADVANCED_TAG_001"}', '2025-12-20 18:15:53'),
	(39, 'STATION_ADVANCED_01', 'Call', 'StatusNotification', '66bfe738-f310-43da-b3c8-e236228cc438', '{"status": "Preparing", "errorCode": "NoError", "timestamp": "2025-12-20T18:15:55.367Z", "connectorId": 1}', '2025-12-20 18:15:55'),
	(40, 'STATION_ADVANCED_01', 'Call', 'StartTransaction', 'eae23f85-96b8-4276-8284-c7f6b62ee2c3', '{"idTag": "ADVANCED_TAG_001", "timestamp": "2025-12-20T18:15:56.369Z", "meterStart": 767, "connectorId": 1}', '2025-12-20 18:15:56'),
	(41, 'STATION_ADVANCED_01', 'Call', 'StatusNotification', '7773c198-0422-412c-8122-1734390a41f1', '{"status": "Charging", "errorCode": "NoError", "timestamp": "2025-12-20T18:15:58.380Z", "connectorId": 1}', '2025-12-20 18:15:58'),
	(42, 'STATION_ADVANCED_01', 'Call', 'MeterValues', 'b564dccf-3f8d-4d2a-95ec-87f445b56bff', '{"meterValue": [{"timestamp": "2025-12-20T18:16:06.392Z", "sampledValue": [{"unit": "Wh", "value": "780", "measurand": "Energy.Active.Import.Register"}, {"unit": "kW", "value": "14.02", "measurand": "Power.Active.Import"}, {"unit": "V", "value": "238.1", "measurand": "Voltage"}, {"unit": "A", "value": "34.00", "measurand": "Current.Import"}]}], "connectorId": 1, "transactionId": 295541}', '2025-12-20 18:16:06'),
	(43, 'STATION_ADVANCED_01', 'Call', 'BootNotification', '388b58ef-151d-4b7b-87c6-f85fd53d30bf', '{"firmwareVersion": "2.0.0", "chargePointModel": "AT-1000", "chargePointVendor": "Advanced Tester", "chargePointSerialNumber": "SN-STATION_ADVANCED_01"}', '2025-12-20 18:17:13'),
	(44, 'STATION_ADVANCED_01', 'Call', 'StatusNotification', 'd8c91bed-240b-40bf-ae6a-7862c7a70178', '{"status": "Available", "errorCode": "NoError", "timestamp": "2025-12-20T18:17:15.717Z", "connectorId": 1}', '2025-12-20 18:17:15'),
	(45, 'STATION_ADVANCED_01', 'Call', 'Authorize', 'ab4e9ba7-5d02-4728-9c77-e09760a06def', '{"idTag": "ADVANCED_TAG_001"}', '2025-12-20 18:17:16'),
	(46, 'STATION_ADVANCED_01', 'Call', 'StatusNotification', '2bc8c335-213f-41b4-bb5d-e0e084507e44', '{"status": "Preparing", "errorCode": "NoError", "timestamp": "2025-12-20T18:17:18.751Z", "connectorId": 1}', '2025-12-20 18:17:18'),
	(47, 'STATION_ADVANCED_01', 'Call', 'StartTransaction', 'e959ba21-c851-4ba2-a111-0bec9b628221', '{"idTag": "ADVANCED_TAG_001", "timestamp": "2025-12-20T18:17:19.768Z", "meterStart": 997, "connectorId": 1}', '2025-12-20 18:17:19'),
	(48, 'STATION_ADVANCED_01', 'Call', 'StatusNotification', '7fbd2b02-f808-4222-88d1-ec96e8ad5992', '{"status": "Charging", "errorCode": "NoError", "timestamp": "2025-12-20T18:17:21.784Z", "connectorId": 1}', '2025-12-20 18:17:21'),
	(49, 'STATION_ADVANCED_01', 'Call', 'MeterValues', '08ac3b8c-fc02-4e93-af48-8e041aff4d25', '{"meterValue": [{"timestamp": "2025-12-20T18:17:29.784Z", "sampledValue": [{"unit": "Wh", "value": "1005", "measurand": "Energy.Active.Import.Register"}, {"unit": "kW", "value": "20.61", "measurand": "Power.Active.Import"}, {"unit": "V", "value": "237.6", "measurand": "Voltage"}, {"unit": "A", "value": "50.08", "measurand": "Current.Import"}]}], "connectorId": 1, "transactionId": 338997}', '2025-12-20 18:17:29'),
	(50, 'STATION_ADVANCED_01', 'Call', 'MeterValues', 'a62a9e70-5975-41be-b522-f1281de4924c', '{"meterValue": [{"timestamp": "2025-12-20T18:17:39.796Z", "sampledValue": [{"unit": "Wh", "value": "1014", "measurand": "Energy.Active.Import.Register"}, {"unit": "kW", "value": "22.30", "measurand": "Power.Active.Import"}, {"unit": "V", "value": "225.6", "measurand": "Voltage"}, {"unit": "A", "value": "57.07", "measurand": "Current.Import"}]}], "connectorId": 1, "transactionId": 338997}', '2025-12-20 18:17:39'),
	(51, 'STATION_ADVANCED_01', 'Call', 'Heartbeat', '11851ba5-f864-4e22-962d-8539f024b501', '{}', '2025-12-20 18:17:42'),
	(52, 'STATION_ADVANCED_01', 'Call', 'MeterValues', '231051b4-7694-4b40-b7a4-5add19069453', '{"meterValue": [{"timestamp": "2025-12-20T18:17:49.800Z", "sampledValue": [{"unit": "Wh", "value": "1027", "measurand": "Energy.Active.Import.Register"}, {"unit": "kW", "value": "6.47", "measurand": "Power.Active.Import"}, {"unit": "V", "value": "229.2", "measurand": "Voltage"}, {"unit": "A", "value": "16.30", "measurand": "Current.Import"}]}], "connectorId": 1, "transactionId": 338997}', '2025-12-20 18:17:49'),
	(53, 'STATION_ADVANCED_01', 'Call', 'MeterValues', 'd49c5c8b-9d7a-4570-bfe1-326b6a1b661b', '{"meterValue": [{"timestamp": "2025-12-20T18:17:59.800Z", "sampledValue": [{"unit": "Wh", "value": "1032", "measurand": "Energy.Active.Import.Register"}, {"unit": "kW", "value": "16.46", "measurand": "Power.Active.Import"}, {"unit": "V", "value": "232.1", "measurand": "Voltage"}, {"unit": "A", "value": "40.94", "measurand": "Current.Import"}]}], "connectorId": 1, "transactionId": 338997}', '2025-12-20 18:17:59'),
	(54, 'STATION_ADVANCED_01', 'Call', 'MeterValues', 'ba98264c-01a9-4658-aee1-32864498fb95', '{"meterValue": [{"timestamp": "2025-12-20T18:18:09.815Z", "sampledValue": [{"unit": "Wh", "value": "1044", "measurand": "Energy.Active.Import.Register"}, {"unit": "kW", "value": "16.85", "measurand": "Power.Active.Import"}, {"unit": "V", "value": "239.9", "measurand": "Voltage"}, {"unit": "A", "value": "40.55", "measurand": "Current.Import"}]}], "connectorId": 1, "transactionId": 338997}', '2025-12-20 18:18:09'),
	(55, 'STATION_ADVANCED_01', 'Call', 'Heartbeat', '8a9e1ac9-edcd-4401-88ff-cbafb7a3cb6a', '{}', '2025-12-20 18:18:12'),
	(56, 'STATION_ADVANCED_01', 'Call', 'MeterValues', 'd34d3890-d15b-46fb-a895-09f763e2c823', '{"meterValue": [{"timestamp": "2025-12-20T18:18:19.831Z", "sampledValue": [{"unit": "Wh", "value": "1054", "measurand": "Energy.Active.Import.Register"}, {"unit": "kW", "value": "23.16", "measurand": "Power.Active.Import"}, {"unit": "V", "value": "225.7", "measurand": "Voltage"}, {"unit": "A", "value": "59.24", "measurand": "Current.Import"}]}], "connectorId": 1, "transactionId": 338997}', '2025-12-20 18:18:19'),
	(57, 'STATION_ADVANCED_01', 'Call', 'BootNotification', '615de3c5-1a40-4802-977b-13967aea9dc8', '{"firmwareVersion": "2.0.0", "chargePointModel": "AT-1000", "chargePointVendor": "Advanced Tester", "chargePointSerialNumber": "SN-STATION_ADVANCED_01"}', '2025-12-20 18:19:01'),
	(58, 'STATION_ADVANCED_01', 'Call', 'StatusNotification', '2001dba8-bbcd-4bd4-b34d-1e512d54cbbe', '{"status": "Available", "errorCode": "NoError", "timestamp": "2025-12-20T18:19:03.027Z", "connectorId": 1}', '2025-12-20 18:19:03'),
	(59, 'STATION_ADVANCED_01', 'Call', 'Authorize', 'eca91c5e-2ad9-4875-956c-3027317afc74', '{"idTag": "ADVANCED_TAG_001"}', '2025-12-20 18:19:04'),
	(60, 'STATION_ADVANCED_01', 'Call', 'StatusNotification', 'd5fc5c47-d93a-4a0f-a451-6d86286a368e', '{"status": "Preparing", "errorCode": "NoError", "timestamp": "2025-12-20T18:19:06.033Z", "connectorId": 1}', '2025-12-20 18:19:06'),
	(61, 'STATION_ADVANCED_01', 'Call', 'StartTransaction', '9e43f6ef-702e-4bcd-bbd6-3f950f3a3aa5', '{"idTag": "ADVANCED_TAG_001", "timestamp": "2025-12-20T18:19:07.046Z", "meterStart": 707, "connectorId": 1}', '2025-12-20 18:19:07'),
	(62, 'STATION_ADVANCED_01', 'Call', 'StatusNotification', '5efd7513-5373-4dab-bef0-da08e40ece91', '{"status": "Charging", "errorCode": "NoError", "timestamp": "2025-12-20T18:19:09.065Z", "connectorId": 1}', '2025-12-20 18:19:09'),
	(63, 'STATION_ADVANCED_01', 'Call', 'MeterValues', '14d756da-ca9c-440f-8224-9fcd060c9be5', '{"meterValue": [{"timestamp": "2025-12-20T18:19:17.066Z", "sampledValue": [{"unit": "Wh", "value": "721", "measurand": "Energy.Active.Import.Register"}, {"unit": "kW", "value": "21.36", "measurand": "Power.Active.Import"}, {"unit": "V", "value": "233.9", "measurand": "Voltage"}, {"unit": "A", "value": "52.72", "measurand": "Current.Import"}]}], "connectorId": 1, "transactionId": 629147}', '2025-12-20 18:19:17'),
	(64, 'STATION_ADVANCED_01', 'Call', 'MeterValues', '0810d689-f959-48b4-a8f5-882a95743c94', '{"meterValue": [{"timestamp": "2025-12-20T18:19:27.082Z", "sampledValue": [{"unit": "Wh", "value": "731", "measurand": "Energy.Active.Import.Register"}, {"unit": "kW", "value": "9.45", "measurand": "Power.Active.Import"}, {"unit": "V", "value": "228.8", "measurand": "Voltage"}, {"unit": "A", "value": "23.85", "measurand": "Current.Import"}]}], "connectorId": 1, "transactionId": 629147}', '2025-12-20 18:19:27'),
	(65, 'STATION_ADVANCED_01', 'Call', 'Heartbeat', 'daf446a4-5ae3-4315-a8a1-85f19323e804', '{}', '2025-12-20 18:19:30'),
	(66, 'STATION_ADVANCED_01', 'Call', 'MeterValues', '67e66601-fd97-4b74-9a1d-97454a6435d4', '{"meterValue": [{"timestamp": "2025-12-20T18:19:37.093Z", "sampledValue": [{"unit": "Wh", "value": "739", "measurand": "Energy.Active.Import.Register"}, {"unit": "kW", "value": "8.37", "measurand": "Power.Active.Import"}, {"unit": "V", "value": "222.0", "measurand": "Voltage"}, {"unit": "A", "value": "21.77", "measurand": "Current.Import"}]}], "connectorId": 1, "transactionId": 629147}', '2025-12-20 18:19:37'),
	(67, 'STATION_ADVANCED_01', 'Call', 'MeterValues', 'fef23f0a-1bfd-423f-aa79-754ad1b7f8a3', '{"meterValue": [{"timestamp": "2025-12-20T18:19:47.100Z", "sampledValue": [{"unit": "Wh", "value": "753", "measurand": "Energy.Active.Import.Register"}, {"unit": "kW", "value": "17.78", "measurand": "Power.Active.Import"}, {"unit": "V", "value": "239.4", "measurand": "Voltage"}, {"unit": "A", "value": "42.88", "measurand": "Current.Import"}]}], "connectorId": 1, "transactionId": 629147}', '2025-12-20 18:19:47'),
	(68, 'STATION_ADVANCED_01', 'Call', 'MeterValues', 'bbf46edd-743f-42d4-8cf8-46c4fc684368', '{"meterValue": [{"timestamp": "2025-12-20T18:19:57.115Z", "sampledValue": [{"unit": "Wh", "value": "763", "measurand": "Energy.Active.Import.Register"}, {"unit": "kW", "value": "23.48", "measurand": "Power.Active.Import"}, {"unit": "V", "value": "228.3", "measurand": "Voltage"}, {"unit": "A", "value": "59.38", "measurand": "Current.Import"}]}], "connectorId": 1, "transactionId": 629147}', '2025-12-20 18:19:57'),
	(69, 'STATION_ADVANCED_01', 'Call', 'Heartbeat', 'c0bbedfe-03d6-42b0-91e5-591446272d7a', '{}', '2025-12-20 18:20:00'),
	(70, 'STATION_ADVANCED_01', 'Call', 'MeterValues', 'd36a5b50-5e68-4c91-a383-e87238529713', '{"meterValue": [{"timestamp": "2025-12-20T18:20:07.126Z", "sampledValue": [{"unit": "Wh", "value": "775", "measurand": "Energy.Active.Import.Register"}, {"unit": "kW", "value": "22.30", "measurand": "Power.Active.Import"}, {"unit": "V", "value": "234.2", "measurand": "Voltage"}, {"unit": "A", "value": "54.97", "measurand": "Current.Import"}]}], "connectorId": 1, "transactionId": 629147}', '2025-12-20 18:20:07'),
	(71, 'STATION_ADVANCED_01', 'Call', 'StopTransaction', '429cdd1b-b753-4782-9996-89517ed223c1', '{"reason": "Local", "meterStop": 775, "timestamp": "2025-12-20T18:20:11.446Z", "transactionId": 629147}', '2025-12-20 18:20:11'),
	(72, 'STATION_ADVANCED_01', 'Call', 'StatusNotification', '37c4880f-b96c-4f24-9a78-0a4a643f4c78', '{"status": "Available", "errorCode": "NoError", "timestamp": "2025-12-20T18:20:13.450Z", "connectorId": 1}', '2025-12-20 18:20:13'),
	(73, 'STATION_ADVANCED_01', 'Call', 'BootNotification', 'eeca968c-b24e-43a2-aa54-db718c5dbd9b', '{"firmwareVersion": "2.0.0", "chargePointModel": "AT-1000", "chargePointVendor": "Advanced Tester", "chargePointSerialNumber": "SN-STATION_ADVANCED_01"}', '2025-12-20 18:26:46'),
	(74, 'STATION_ADVANCED_01', 'Call', 'StatusNotification', '95bcde94-23f7-40b5-937d-27db4a84fef9', '{"status": "Available", "errorCode": "NoError", "timestamp": "2025-12-20T18:26:48.219Z", "connectorId": 1}', '2025-12-20 18:26:48'),
	(75, 'STATION_ADVANCED_01', 'Call', 'Authorize', '05f89161-91a6-455b-ba1e-5d8b4d7d9e88', '{"idTag": "ADVANCED_TAG_001"}', '2025-12-20 18:26:49'),
	(76, 'STATION_ADVANCED_01', 'Call', 'StatusNotification', '416840c5-9b24-494e-8169-c04c14a48dff', '{"status": "Preparing", "errorCode": "NoError", "timestamp": "2025-12-20T18:26:51.251Z", "connectorId": 1}', '2025-12-20 18:26:51'),
	(77, 'STATION_ADVANCED_01', 'Call', 'StartTransaction', '543065ee-b985-4d5a-b84f-1eed3bd921e0', '{"idTag": "ADVANCED_TAG_001", "timestamp": "2025-12-20T18:26:52.252Z", "meterStart": 628, "connectorId": 1}', '2025-12-20 18:26:52'),
	(78, 'STATION_ADVANCED_01', 'Call', 'StatusNotification', '9eda2e3d-f5b4-4311-891a-ec4f2b83c8ce', '{"status": "Charging", "errorCode": "NoError", "timestamp": "2025-12-20T18:26:54.268Z", "connectorId": 1}', '2025-12-20 18:26:54'),
	(79, 'STATION_ADVANCED_01', 'Call', 'MeterValues', 'edf98b7f-e1aa-4887-a34d-3e2858d8129c', '{"meterValue": [{"timestamp": "2025-12-20T18:27:02.269Z", "sampledValue": [{"unit": "Wh", "value": "638", "measurand": "Energy.Active.Import.Register"}, {"unit": "kW", "value": "24.40", "measurand": "Power.Active.Import"}, {"unit": "V", "value": "223.5", "measurand": "Voltage"}, {"unit": "A", "value": "63.03", "measurand": "Current.Import"}]}], "connectorId": 1, "transactionId": 942046}', '2025-12-20 18:27:02'),
	(80, 'STATION_ADVANCED_01', 'Call', 'MeterValues', '72479179-614d-4ae7-bac2-8563897a277a', '{"meterValue": [{"timestamp": "2025-12-20T18:27:12.276Z", "sampledValue": [{"unit": "Wh", "value": "650", "measurand": "Energy.Active.Import.Register"}, {"unit": "kW", "value": "13.99", "measurand": "Power.Active.Import"}, {"unit": "V", "value": "230.6", "measurand": "Voltage"}, {"unit": "A", "value": "35.03", "measurand": "Current.Import"}]}], "connectorId": 1, "transactionId": 942046}', '2025-12-20 18:27:12'),
	(81, 'STATION_ADVANCED_01', 'Call', 'Heartbeat', '472ef54e-b77c-49a4-a5f5-3a841fb80be2', '{}', '2025-12-20 18:27:15'),
	(82, 'STATION_ADVANCED_01', 'Call', 'MeterValues', '2171d3a4-1c53-49ae-96b5-d8ac105cd790', '{"meterValue": [{"timestamp": "2025-12-20T18:27:22.281Z", "sampledValue": [{"unit": "Wh", "value": "660", "measurand": "Energy.Active.Import.Register"}, {"unit": "kW", "value": "6.96", "measurand": "Power.Active.Import"}, {"unit": "V", "value": "239.0", "measurand": "Voltage"}, {"unit": "A", "value": "16.81", "measurand": "Current.Import"}]}], "connectorId": 1, "transactionId": 942046}', '2025-12-20 18:27:22'),
	(83, 'STATION_ADVANCED_01', 'Call', 'MeterValues', '431fa882-f26c-4c1a-8480-a795df41e091', '{"meterValue": [{"timestamp": "2025-12-20T18:27:32.284Z", "sampledValue": [{"unit": "Wh", "value": "667", "measurand": "Energy.Active.Import.Register"}, {"unit": "kW", "value": "9.40", "measurand": "Power.Active.Import"}, {"unit": "V", "value": "222.2", "measurand": "Voltage"}, {"unit": "A", "value": "24.42", "measurand": "Current.Import"}]}], "connectorId": 1, "transactionId": 942046}', '2025-12-20 18:27:32'),
	(84, 'STATION_ADVANCED_01', 'Call', 'MeterValues', '1dabb20d-5e05-4916-98fa-76a403402834', '{"meterValue": [{"timestamp": "2025-12-20T18:27:42.289Z", "sampledValue": [{"unit": "Wh", "value": "675", "measurand": "Energy.Active.Import.Register"}, {"unit": "kW", "value": "5.71", "measurand": "Power.Active.Import"}, {"unit": "V", "value": "234.5", "measurand": "Voltage"}, {"unit": "A", "value": "14.06", "measurand": "Current.Import"}]}], "connectorId": 1, "transactionId": 942046}', '2025-12-20 18:27:42'),
	(85, 'STATION_ADVANCED_01', 'Call', 'Heartbeat', '4a6c0913-ce5b-42b9-ac71-fec29437e77b', '{}', '2025-12-20 18:27:45'),
	(86, 'STATION_ADVANCED_01', 'Call', 'MeterValues', '1c8bd731-44cb-43f8-a65e-77debff1048a', '{"meterValue": [{"timestamp": "2025-12-20T18:27:52.305Z", "sampledValue": [{"unit": "Wh", "value": "682", "measurand": "Energy.Active.Import.Register"}, {"unit": "kW", "value": "14.33", "measurand": "Power.Active.Import"}, {"unit": "V", "value": "233.2", "measurand": "Voltage"}, {"unit": "A", "value": "35.48", "measurand": "Current.Import"}]}], "connectorId": 1, "transactionId": 942046}', '2025-12-20 18:27:52'),
	(87, 'STATION_ADVANCED_01', 'Call', 'StopTransaction', '4f07640f-a799-44e8-8244-97669e37f07f', '{"reason": "Local", "meterStop": 682, "timestamp": "2025-12-20T18:27:56.701Z", "transactionId": 942046}', '2025-12-20 18:27:56'),
	(88, 'STATION_ADVANCED_01', 'Call', 'StatusNotification', '7b4957f1-1a91-425a-8fba-4875a5edad1c', '{"status": "Available", "errorCode": "NoError", "timestamp": "2025-12-20T18:27:58.713Z", "connectorId": 1}', '2025-12-20 18:27:58'),
	(89, 'STATION_ADVANCED_01', 'Call', 'BootNotification', 'ddb4c0c1-ae18-4a83-a291-31c7d3d906b4', '{"firmwareVersion": "2.0.0", "chargePointModel": "AT-1000", "chargePointVendor": "Advanced Tester", "chargePointSerialNumber": "SN-STATION_ADVANCED_01"}', '2025-12-20 18:29:03'),
	(90, 'STATION_ADVANCED_01', 'Call', 'StatusNotification', '38898815-06ea-4ab0-b836-e6101ea67d05', '{"status": "Available", "errorCode": "NoError", "timestamp": "2025-12-20T18:29:05.484Z", "connectorId": 1}', '2025-12-20 18:29:05'),
	(91, 'STATION_ADVANCED_01', 'Call', 'Authorize', '663e7c72-6653-457d-94e4-a6b474ec5726', '{"idTag": "ADVANCED_TAG_001"}', '2025-12-20 18:29:06'),
	(92, 'STATION_ADVANCED_01', 'Call', 'StatusNotification', '6b25a840-2f32-43a2-916e-80ea6f73bf0e', '{"status": "Preparing", "errorCode": "NoError", "timestamp": "2025-12-20T18:29:08.520Z", "connectorId": 1}', '2025-12-20 18:29:08'),
	(93, 'STATION_ADVANCED_01', 'Call', 'StartTransaction', '742978df-2dca-4dc1-b49a-b5f7e3298f52', '{"idTag": "ADVANCED_TAG_001", "timestamp": "2025-12-20T18:29:09.531Z", "meterStart": 706, "connectorId": 1}', '2025-12-20 18:29:09'),
	(94, 'STATION_ADVANCED_01', 'Call', 'StatusNotification', '0af1a1f1-2955-4166-86e8-2fbd44fbd488', '{"status": "Charging", "errorCode": "NoError", "timestamp": "2025-12-20T18:29:11.534Z", "connectorId": 1}', '2025-12-20 18:29:11'),
	(95, 'STATION_ADVANCED_01', 'Call', 'MeterValues', 'd80326c7-e998-4b63-9fff-f8e11f0327cf', '{"meterValue": [{"timestamp": "2025-12-20T18:29:19.542Z", "sampledValue": [{"unit": "Wh", "value": "716", "measurand": "Energy.Active.Import.Register"}, {"unit": "kW", "value": "5.44", "measurand": "Power.Active.Import"}, {"unit": "V", "value": "225.5", "measurand": "Voltage"}, {"unit": "A", "value": "13.93", "measurand": "Current.Import"}]}], "connectorId": 1, "transactionId": 543404}', '2025-12-20 18:29:19'),
	(96, 'STATION_ADVANCED_01', 'Call', 'MeterValues', '5825da68-5614-412b-a841-ca598ba115a3', '{"meterValue": [{"timestamp": "2025-12-20T18:29:29.549Z", "sampledValue": [{"unit": "Wh", "value": "724", "measurand": "Energy.Active.Import.Register"}, {"unit": "kW", "value": "19.76", "measurand": "Power.Active.Import"}, {"unit": "V", "value": "235.0", "measurand": "Voltage"}, {"unit": "A", "value": "48.55", "measurand": "Current.Import"}]}], "connectorId": 1, "transactionId": 543404}', '2025-12-20 18:29:29'),
	(97, 'STATION_ADVANCED_01', 'Call', 'Heartbeat', 'e614ad11-c634-43b1-8faa-e1ab0b74a72f', '{}', '2025-12-20 18:29:32'),
	(98, 'STATION_ADVANCED_01', 'Call', 'MeterValues', 'c158d3ea-b7e7-4ea5-85fc-51fb05301ac0', '{"meterValue": [{"timestamp": "2025-12-20T18:29:39.549Z", "sampledValue": [{"unit": "Wh", "value": "733", "measurand": "Energy.Active.Import.Register"}, {"unit": "kW", "value": "8.81", "measurand": "Power.Active.Import"}, {"unit": "V", "value": "237.9", "measurand": "Voltage"}, {"unit": "A", "value": "21.38", "measurand": "Current.Import"}]}], "connectorId": 1, "transactionId": 543404}', '2025-12-20 18:29:39'),
	(99, 'STATION_ADVANCED_01', 'Call', 'MeterValues', 'ae0c72b7-57e9-4095-bb64-964475996b53', '{"meterValue": [{"timestamp": "2025-12-20T18:29:49.561Z", "sampledValue": [{"unit": "Wh", "value": "745", "measurand": "Energy.Active.Import.Register"}, {"unit": "kW", "value": "12.17", "measurand": "Power.Active.Import"}, {"unit": "V", "value": "220.4", "measurand": "Voltage"}, {"unit": "A", "value": "31.88", "measurand": "Current.Import"}]}], "connectorId": 1, "transactionId": 543404}', '2025-12-20 18:29:49'),
	(100, 'STATION_ADVANCED_01', 'Call', 'MeterValues', '009e4e6e-385b-4e09-8817-1d39b4044cbd', '{"meterValue": [{"timestamp": "2025-12-20T18:29:59.565Z", "sampledValue": [{"unit": "Wh", "value": "752", "measurand": "Energy.Active.Import.Register"}, {"unit": "kW", "value": "13.28", "measurand": "Power.Active.Import"}, {"unit": "V", "value": "226.0", "measurand": "Voltage"}, {"unit": "A", "value": "33.93", "measurand": "Current.Import"}]}], "connectorId": 1, "transactionId": 543404}', '2025-12-20 18:29:59'),
	(101, 'STATION_ADVANCED_01', 'Call', 'Heartbeat', 'c4b0f937-6368-45e9-a0b8-d605ff5f2dac', '{}', '2025-12-20 18:30:02'),
	(102, 'STATION_ADVANCED_01', 'Call', 'MeterValues', '93dc90cb-105a-4cf2-adfe-83cc90244499', '{"meterValue": [{"timestamp": "2025-12-20T18:30:09.582Z", "sampledValue": [{"unit": "Wh", "value": "760", "measurand": "Energy.Active.Import.Register"}, {"unit": "kW", "value": "6.36", "measurand": "Power.Active.Import"}, {"unit": "V", "value": "224.1", "measurand": "Voltage"}, {"unit": "A", "value": "16.39", "measurand": "Current.Import"}]}], "connectorId": 1, "transactionId": 543404}', '2025-12-20 18:30:09'),
	(103, 'STATION_ADVANCED_01', 'Call', 'StopTransaction', 'd96935c0-bdda-4552-9725-3c770db9d9e5', '{"reason": "Local", "meterStop": 760, "timestamp": "2025-12-20T18:30:13.985Z", "transactionId": 543404}', '2025-12-20 18:30:13'),
	(104, 'STATION_ADVANCED_01', 'Call', 'StatusNotification', 'd37729ac-bd53-4359-8ee3-139e58fe9de7', '{"status": "Available", "errorCode": "NoError", "timestamp": "2025-12-20T18:30:15.998Z", "connectorId": 1}', '2025-12-20 18:30:16'),
	(105, 'STATION_ADVANCED_01', 'Call', 'BootNotification', '195c912b-19dc-41a4-bbc5-6d48b9e0a121', '{"firmwareVersion": "2.0.0", "chargePointModel": "AT-1000", "chargePointVendor": "Advanced Tester", "chargePointSerialNumber": "SN-STATION_ADVANCED_01"}', '2025-12-20 18:32:32'),
	(106, 'STATION_ADVANCED_01', 'Call', 'StatusNotification', '6f8f0eed-0fb9-4337-b6a5-36b1fe66a20d', '{"status": "Available", "errorCode": "NoError", "timestamp": "2025-12-20T18:32:34.606Z", "connectorId": 1}', '2025-12-20 18:32:34'),
	(107, 'STATION_ADVANCED_01', 'Call', 'Authorize', '6b5f3daf-430f-4d03-b8ab-97f3a56965e2', '{"idTag": "ADVANCED_TAG_001"}', '2025-12-20 18:32:35'),
	(108, 'STATION_ADVANCED_01', 'Call', 'StatusNotification', 'c47e0a29-e1a8-4767-b7f5-99957ff82d6f', '{"status": "Preparing", "errorCode": "NoError", "timestamp": "2025-12-20T18:32:37.626Z", "connectorId": 1}', '2025-12-20 18:32:37'),
	(109, 'STATION_ADVANCED_01', 'Call', 'StartTransaction', '0d26032d-e7fb-42d4-af3a-2cc874d9cf79', '{"idTag": "ADVANCED_TAG_001", "timestamp": "2025-12-20T18:32:38.641Z", "meterStart": 732, "connectorId": 1}', '2025-12-20 18:32:38'),
	(110, 'STATION_ADVANCED_01', 'Call', 'StatusNotification', 'f69dc389-9eb5-4ab3-8b71-cc3ab7d6bc18', '{"status": "Charging", "errorCode": "NoError", "timestamp": "2025-12-20T18:32:40.652Z", "connectorId": 1}', '2025-12-20 18:32:40'),
	(111, 'STATION_ADVANCED_01', 'Call', 'MeterValues', 'b5035d8c-d3c3-48a7-8aa3-634d03253fa8', '{"meterValue": [{"timestamp": "2025-12-20T18:32:48.669Z", "sampledValue": [{"unit": "Wh", "value": "737", "measurand": "Energy.Active.Import.Register"}, {"unit": "kW", "value": "5.90", "measurand": "Power.Active.Import"}, {"unit": "V", "value": "223.3", "measurand": "Voltage"}, {"unit": "A", "value": "15.25", "measurand": "Current.Import"}]}], "connectorId": 1, "transactionId": 363819}', '2025-12-20 18:32:48'),
	(112, 'STATION_ADVANCED_01', 'Call', 'MeterValues', '5ee63307-d178-429e-b6d6-ebef8f36bcb8', '{"meterValue": [{"timestamp": "2025-12-20T18:32:58.672Z", "sampledValue": [{"unit": "Wh", "value": "744", "measurand": "Energy.Active.Import.Register"}, {"unit": "kW", "value": "9.24", "measurand": "Power.Active.Import"}, {"unit": "V", "value": "228.5", "measurand": "Voltage"}, {"unit": "A", "value": "23.35", "measurand": "Current.Import"}]}], "connectorId": 1, "transactionId": 363819}', '2025-12-20 18:32:58'),
	(113, 'STATION_ADVANCED_01', 'Call', 'Heartbeat', '5fa9bd8b-bbd3-4848-ad1d-3e269cae7f2d', '{}', '2025-12-20 18:33:01'),
	(114, 'STATION_ADVANCED_01', 'Call', 'MeterValues', 'e7af74b3-ccab-4b7c-9408-45050b6798e1', '{"meterValue": [{"timestamp": "2025-12-20T18:33:08.673Z", "sampledValue": [{"unit": "Wh", "value": "756", "measurand": "Energy.Active.Import.Register"}, {"unit": "kW", "value": "19.42", "measurand": "Power.Active.Import"}, {"unit": "V", "value": "222.0", "measurand": "Voltage"}, {"unit": "A", "value": "50.51", "measurand": "Current.Import"}]}], "connectorId": 1, "transactionId": 363819}', '2025-12-20 18:33:08'),
	(115, 'STATION_ADVANCED_01', 'Call', 'MeterValues', 'b52cb245-8ea2-491b-a36f-d28848d52623', '{"meterValue": [{"timestamp": "2025-12-20T18:33:18.678Z", "sampledValue": [{"unit": "Wh", "value": "770", "measurand": "Energy.Active.Import.Register"}, {"unit": "kW", "value": "15.32", "measurand": "Power.Active.Import"}, {"unit": "V", "value": "232.1", "measurand": "Voltage"}, {"unit": "A", "value": "38.11", "measurand": "Current.Import"}]}], "connectorId": 1, "transactionId": 363819}', '2025-12-20 18:33:18'),
	(116, 'STATION_ADVANCED_01', 'Call', 'MeterValues', 'b8af77f9-3faa-49fe-a341-523f45a056b5', '{"meterValue": [{"timestamp": "2025-12-20T18:33:28.686Z", "sampledValue": [{"unit": "Wh", "value": "784", "measurand": "Energy.Active.Import.Register"}, {"unit": "kW", "value": "24.11", "measurand": "Power.Active.Import"}, {"unit": "V", "value": "227.1", "measurand": "Voltage"}, {"unit": "A", "value": "61.29", "measurand": "Current.Import"}]}], "connectorId": 1, "transactionId": 363819}', '2025-12-20 18:33:28'),
	(117, 'STATION_ADVANCED_01', 'Call', 'Heartbeat', 'b852a85e-4068-4224-bd8c-3e4f17571e61', '{}', '2025-12-20 18:33:31'),
	(118, 'STATION_ADVANCED_01', 'Call', 'MeterValues', 'f1b527c6-009c-429e-a543-d1ea89c2471a', '{"meterValue": [{"timestamp": "2025-12-20T18:33:38.702Z", "sampledValue": [{"unit": "Wh", "value": "797", "measurand": "Energy.Active.Import.Register"}, {"unit": "kW", "value": "17.24", "measurand": "Power.Active.Import"}, {"unit": "V", "value": "221.3", "measurand": "Voltage"}, {"unit": "A", "value": "44.98", "measurand": "Current.Import"}]}], "connectorId": 1, "transactionId": 363819}', '2025-12-20 18:33:38'),
	(119, 'STATION_ADVANCED_01', 'Call', 'StopTransaction', '9c69634f-899d-4644-9339-f7354e6a9140', '{"reason": "Local", "meterStop": 797, "timestamp": "2025-12-20T18:33:43.109Z", "transactionId": 363819}', '2025-12-20 18:33:43'),
	(120, 'STATION_ADVANCED_01', 'Call', 'StatusNotification', '6c1e0324-5949-48df-8732-a4a5f30be998', '{"status": "Available", "errorCode": "NoError", "timestamp": "2025-12-20T18:33:45.124Z", "connectorId": 1}', '2025-12-20 18:33:45'),
	(121, 'STATION_ADVANCED_01', 'Call', 'BootNotification', '3ce60e0c-17e6-415e-b4d2-8e5509248aeb', '{"firmwareVersion": "2.0.0", "chargePointModel": "AT-1000", "chargePointVendor": "Advanced Tester", "chargePointSerialNumber": "SN-STATION_ADVANCED_01"}', '2025-12-20 18:36:59'),
	(122, 'STATION_ADVANCED_01', 'Call', 'StatusNotification', 'adc74ed6-6429-4eeb-8c67-fc6f3991a16d', '{"status": "Available", "errorCode": "NoError", "timestamp": "2025-12-20T18:37:01.551Z", "connectorId": 1}', '2025-12-20 18:37:01'),
	(123, 'STATION_ADVANCED_01', 'Call', 'Authorize', '3ab67d6b-3828-4e55-a9ae-74b173e35ab2', '{"idTag": "ADVANCED_TAG_001"}', '2025-12-20 18:37:02'),
	(124, 'STATION_ADVANCED_01', 'Call', 'StatusNotification', 'ae098434-481d-41e2-87e3-e34a4436aef3', '{"status": "Preparing", "errorCode": "NoError", "timestamp": "2025-12-20T18:37:04.596Z", "connectorId": 1}', '2025-12-20 18:37:04'),
	(125, 'STATION_ADVANCED_01', 'Call', 'StartTransaction', '4e78d681-fc51-4f9f-aa05-773753c956c4', '{"idTag": "ADVANCED_TAG_001", "timestamp": "2025-12-20T18:37:05.606Z", "meterStart": 1281, "connectorId": 1}', '2025-12-20 18:37:05'),
	(126, 'STATION_ADVANCED_01', 'Call', 'StatusNotification', 'f23fbf91-db82-41ab-887f-ed86c42af073', '{"status": "Charging", "errorCode": "NoError", "timestamp": "2025-12-20T18:37:07.616Z", "connectorId": 1}', '2025-12-20 18:37:07'),
	(127, 'STATION_ADVANCED_01', 'Call', 'MeterValues', '3c5aca82-d36e-4c1a-885e-14e28d001b05', '{"meterValue": [{"timestamp": "2025-12-20T18:37:15.637Z", "sampledValue": [{"unit": "Wh", "value": "1290", "measurand": "Energy.Active.Import.Register"}, {"unit": "kW", "value": "15.61", "measurand": "Power.Active.Import"}, {"unit": "V", "value": "225.3", "measurand": "Voltage"}, {"unit": "A", "value": "40.00", "measurand": "Current.Import"}]}], "connectorId": 1, "transactionId": 803321}', '2025-12-20 18:37:15'),
	(128, 'STATION_ADVANCED_01', 'Call', 'MeterValues', 'aee53556-ebdf-41fb-bcf7-fa3d49fd99cc', '{"meterValue": [{"timestamp": "2025-12-20T18:37:25.652Z", "sampledValue": [{"unit": "Wh", "value": "1296", "measurand": "Energy.Active.Import.Register"}, {"unit": "kW", "value": "24.90", "measurand": "Power.Active.Import"}, {"unit": "V", "value": "234.4", "measurand": "Voltage"}, {"unit": "A", "value": "61.33", "measurand": "Current.Import"}]}], "connectorId": 1, "transactionId": 803321}', '2025-12-20 18:37:25'),
	(129, 'STATION_ADVANCED_01', 'Call', 'Heartbeat', 'ec676897-d625-43bc-be3e-abcd99e2d1d8', '{}', '2025-12-20 18:37:28'),
	(130, 'STATION_ADVANCED_01', 'Call', 'BootNotification', '2cd3f4c3-66bf-409c-8833-6afc51dac3ce', '{"firmwareVersion": "2.0.0", "chargePointModel": "AT-1000", "chargePointVendor": "Advanced Tester", "chargePointSerialNumber": "SN-STATION_ADVANCED_01"}', '2025-12-20 18:38:03'),
	(131, 'STATION_ADVANCED_01', 'Call', 'StatusNotification', 'c23ef1d9-07d8-4341-a48d-c653ce68b229', '{"status": "Available", "errorCode": "NoError", "timestamp": "2025-12-20T18:38:05.833Z", "connectorId": 1}', '2025-12-20 18:38:05'),
	(132, 'STATION_ADVANCED_01', 'Call', 'Authorize', '0bf145d5-55ce-42f7-a69d-ed96e9ddebef', '{"idTag": "ADVANCED_TAG_001"}', '2025-12-20 18:38:06'),
	(133, 'STATION_ADVANCED_01', 'Call', 'StatusNotification', '06100539-ba27-445b-bf4b-656c45d84906', '{"status": "Preparing", "errorCode": "NoError", "timestamp": "2025-12-20T18:38:08.883Z", "connectorId": 1}', '2025-12-20 18:38:08'),
	(134, 'STATION_ADVANCED_01', 'Call', 'StartTransaction', '192326d7-5dac-41bb-a9ed-6e626afb8c7d', '{"idTag": "ADVANCED_TAG_001", "timestamp": "2025-12-20T18:38:09.903Z", "meterStart": 587, "connectorId": 1}', '2025-12-20 18:38:09'),
	(135, 'STATION_ADVANCED_01', 'Call', 'StatusNotification', 'deec51c4-416c-4491-ab4f-2e02cba462ac', '{"status": "Charging", "errorCode": "NoError", "timestamp": "2025-12-20T18:38:11.916Z", "connectorId": 1}', '2025-12-20 18:38:11'),
	(136, 'STATION_ADVANCED_01', 'Call', 'MeterValues', '3daabd1b-849d-432a-8766-d3587a73d1f0', '{"meterValue": [{"timestamp": "2025-12-20T18:38:19.930Z", "sampledValue": [{"unit": "Wh", "value": "592", "measurand": "Energy.Active.Import.Register"}, {"unit": "kW", "value": "10.26", "measurand": "Power.Active.Import"}, {"unit": "V", "value": "220.5", "measurand": "Voltage"}, {"unit": "A", "value": "26.86", "measurand": "Current.Import"}]}], "connectorId": 1, "transactionId": 37118}', '2025-12-20 18:38:19'),
	(137, 'STATION_ADVANCED_01', 'Call', 'MeterValues', '893693bb-860f-433f-9dc0-de29ddee05a1', '{"meterValue": [{"timestamp": "2025-12-20T18:38:29.932Z", "sampledValue": [{"unit": "Wh", "value": "599", "measurand": "Energy.Active.Import.Register"}, {"unit": "kW", "value": "7.38", "measurand": "Power.Active.Import"}, {"unit": "V", "value": "227.9", "measurand": "Voltage"}, {"unit": "A", "value": "18.70", "measurand": "Current.Import"}]}], "connectorId": 1, "transactionId": 37118}', '2025-12-20 18:38:29'),
	(138, 'STATION_ADVANCED_01', 'Call', 'Heartbeat', '6c88d690-7669-4857-acc0-8ff1c9f05bba', '{}', '2025-12-20 18:38:32'),
	(139, 'STATION_ADVANCED_01', 'Call', 'MeterValues', '5de337e6-c00f-4040-ab7d-8b084060f26d', '{"meterValue": [{"timestamp": "2025-12-20T18:38:39.931Z", "sampledValue": [{"unit": "Wh", "value": "612", "measurand": "Energy.Active.Import.Register"}, {"unit": "kW", "value": "13.71", "measurand": "Power.Active.Import"}, {"unit": "V", "value": "238.6", "measurand": "Voltage"}, {"unit": "A", "value": "33.17", "measurand": "Current.Import"}]}], "connectorId": 1, "transactionId": 37118}', '2025-12-20 18:38:39'),
	(140, 'STATION_ADVANCED_01', 'Call', 'BootNotification', '9429c0a7-e0ea-40eb-b371-0c31daa60a8b', '{"firmwareVersion": "2.0.0", "chargePointModel": "AT-1000", "chargePointVendor": "Advanced Tester", "chargePointSerialNumber": "SN-STATION_ADVANCED_01"}', '2025-12-20 18:39:22'),
	(141, 'STATION_ADVANCED_01', 'Call', 'StatusNotification', '50914316-3b34-448a-b4af-a3b635db3e9d', '{"status": "Available", "errorCode": "NoError", "timestamp": "2025-12-20T18:39:24.032Z", "connectorId": 1}', '2025-12-20 18:39:24'),
	(142, 'STATION_ADVANCED_01', 'Call', 'Authorize', 'ab4f9bf8-ae37-40d1-a081-9978fcbac2cd', '{"idTag": "ADVANCED_TAG_001"}', '2025-12-20 18:39:25'),
	(143, 'STATION_ADVANCED_01', 'Call', 'StatusNotification', '678ff73c-5c2a-4fe1-93d2-ca0c18ab6843', '{"status": "Preparing", "errorCode": "NoError", "timestamp": "2025-12-20T18:39:27.051Z", "connectorId": 1}', '2025-12-20 18:39:27'),
	(144, 'STATION_ADVANCED_01', 'Call', 'StartTransaction', '5d496333-5a4d-4833-8611-955506ac0230', '{"idTag": "ADVANCED_TAG_001", "timestamp": "2025-12-20T18:39:28.065Z", "meterStart": 979, "connectorId": 1}', '2025-12-20 18:39:28'),
	(145, 'STATION_ADVANCED_01', 'Call', 'StatusNotification', '612ce8e4-d6e7-47ea-9663-34984ba27174', '{"status": "Charging", "errorCode": "NoError", "timestamp": "2025-12-20T18:39:30.079Z", "connectorId": 1}', '2025-12-20 18:39:30'),
	(146, 'STATION_ADVANCED_01', 'Call', 'MeterValues', 'bb4580a9-a962-441f-9beb-0260fa6f4017', '{"meterValue": [{"timestamp": "2025-12-20T18:39:38.086Z", "sampledValue": [{"unit": "Wh", "value": "988", "measurand": "Energy.Active.Import.Register"}, {"unit": "kW", "value": "19.14", "measurand": "Power.Active.Import"}, {"unit": "V", "value": "228.0", "measurand": "Voltage"}, {"unit": "A", "value": "48.47", "measurand": "Current.Import"}]}], "connectorId": 1, "transactionId": 32190}', '2025-12-20 18:39:38'),
	(147, 'STATION_ADVANCED_01', 'Call', 'MeterValues', '8ea159a7-0837-4272-bb4c-19c3e7c7b085', '{"meterValue": [{"timestamp": "2025-12-20T18:39:48.090Z", "sampledValue": [{"unit": "Wh", "value": "999", "measurand": "Energy.Active.Import.Register"}, {"unit": "kW", "value": "21.70", "measurand": "Power.Active.Import"}, {"unit": "V", "value": "232.7", "measurand": "Voltage"}, {"unit": "A", "value": "53.84", "measurand": "Current.Import"}]}], "connectorId": 1, "transactionId": 32190}', '2025-12-20 18:39:48'),
	(148, 'STATION_ADVANCED_01', 'Call', 'Heartbeat', 'ad79bd41-96c4-4570-9700-07dd890eac97', '{}', '2025-12-20 18:39:51'),
	(149, 'STATION_ADVANCED_01', 'Call', 'MeterValues', '81bb7e87-1653-4558-8c35-ab3bb4048d88', '{"meterValue": [{"timestamp": "2025-12-20T18:39:58.091Z", "sampledValue": [{"unit": "Wh", "value": "1004", "measurand": "Energy.Active.Import.Register"}, {"unit": "kW", "value": "12.36", "measurand": "Power.Active.Import"}, {"unit": "V", "value": "224.0", "measurand": "Voltage"}, {"unit": "A", "value": "31.86", "measurand": "Current.Import"}]}], "connectorId": 1, "transactionId": 32190}', '2025-12-20 18:39:58'),
	(150, 'STATION_ADVANCED_01', 'Call', 'MeterValues', 'd4572526-b782-48ab-ac50-56d1fd5f00f1', '{"meterValue": [{"timestamp": "2025-12-20T18:40:08.099Z", "sampledValue": [{"unit": "Wh", "value": "1014", "measurand": "Energy.Active.Import.Register"}, {"unit": "kW", "value": "23.23", "measurand": "Power.Active.Import"}, {"unit": "V", "value": "220.4", "measurand": "Voltage"}, {"unit": "A", "value": "60.85", "measurand": "Current.Import"}]}], "connectorId": 1, "transactionId": 32190}', '2025-12-20 18:40:08'),
	(151, 'STATION_ADVANCED_01', 'Call', 'MeterValues', '67148560-69d3-4644-a6db-848380a62a95', '{"meterValue": [{"timestamp": "2025-12-20T18:40:18.101Z", "sampledValue": [{"unit": "Wh", "value": "1019", "measurand": "Energy.Active.Import.Register"}, {"unit": "kW", "value": "20.46", "measurand": "Power.Active.Import"}, {"unit": "V", "value": "231.4", "measurand": "Voltage"}, {"unit": "A", "value": "51.05", "measurand": "Current.Import"}]}], "connectorId": 1, "transactionId": 32190}', '2025-12-20 18:40:18'),
	(152, 'STATION_ADVANCED_01', 'Call', 'Heartbeat', '140b2868-02b0-46f1-ad1a-6be56f2ea5c9', '{}', '2025-12-20 18:40:21'),
	(153, 'STATION_ADVANCED_01', 'Call', 'MeterValues', '33e5c56a-f184-4a49-92e5-1d76db1410e0', '{"meterValue": [{"timestamp": "2025-12-20T18:40:28.115Z", "sampledValue": [{"unit": "Wh", "value": "1024", "measurand": "Energy.Active.Import.Register"}, {"unit": "kW", "value": "20.90", "measurand": "Power.Active.Import"}, {"unit": "V", "value": "226.4", "measurand": "Voltage"}, {"unit": "A", "value": "53.30", "measurand": "Current.Import"}]}], "connectorId": 1, "transactionId": 32190}', '2025-12-20 18:40:28'),
	(154, 'STATION_ADVANCED_01', 'Call', 'BootNotification', '71ce3808-aefe-492a-a45d-a81e773a939e', '{"firmwareVersion": "2.0.0", "chargePointModel": "AT-1000", "chargePointVendor": "Advanced Tester", "chargePointSerialNumber": "SN-STATION_ADVANCED_01"}', '2025-12-20 18:41:42'),
	(155, 'STATION_ADVANCED_01', 'Call', 'StatusNotification', '5e9f97b4-6f05-4e1e-93ff-b547c265ffb6', '{"status": "Available", "errorCode": "NoError", "timestamp": "2025-12-20T18:41:44.333Z", "connectorId": 1}', '2025-12-20 18:41:44'),
	(156, 'STATION_ADVANCED_01', 'Call', 'Authorize', 'acc85645-124f-4458-b6d0-c9c35fc90521', '{"idTag": "ADVANCED_TAG_001"}', '2025-12-20 18:41:45'),
	(157, 'STATION_ADVANCED_01', 'Call', 'StatusNotification', '75e59bdf-7e0b-4c25-921f-b8146de58009', '{"status": "Preparing", "errorCode": "NoError", "timestamp": "2025-12-20T18:41:47.360Z", "connectorId": 1}', '2025-12-20 18:41:47'),
	(158, 'STATION_ADVANCED_01', 'Call', 'StartTransaction', '5b08fa4c-901f-4e23-b899-0024402f7572', '{"idTag": "ADVANCED_TAG_001", "timestamp": "2025-12-20T18:41:48.364Z", "meterStart": 542, "connectorId": 1}', '2025-12-20 18:41:48'),
	(159, 'STATION_ADVANCED_01', 'Call', 'StatusNotification', 'a659815f-ab37-440d-bed2-66742050642d', '{"status": "Charging", "errorCode": "NoError", "timestamp": "2025-12-20T18:41:50.371Z", "connectorId": 1}', '2025-12-20 18:41:50'),
	(160, 'STATION_ADVANCED_01', 'Call', 'MeterValues', 'cee35fb7-dced-462b-80b1-dac5c663f0da', '{"meterValue": [{"timestamp": "2025-12-20T18:41:58.378Z", "sampledValue": [{"unit": "Wh", "value": "549", "measurand": "Energy.Active.Import.Register"}, {"unit": "kW", "value": "12.69", "measurand": "Power.Active.Import"}, {"unit": "V", "value": "228.4", "measurand": "Voltage"}, {"unit": "A", "value": "32.08", "measurand": "Current.Import"}]}], "connectorId": 1, "transactionId": 288353}', '2025-12-20 18:41:58'),
	(161, 'STATION_ADVANCED_01', 'Call', 'MeterValues', '5b1a37d5-b3d3-4f0f-9d6d-66ef7f9aff7a', '{"meterValue": [{"timestamp": "2025-12-20T18:42:08.390Z", "sampledValue": [{"unit": "Wh", "value": "557", "measurand": "Energy.Active.Import.Register"}, {"unit": "kW", "value": "19.52", "measurand": "Power.Active.Import"}, {"unit": "V", "value": "235.5", "measurand": "Voltage"}, {"unit": "A", "value": "47.86", "measurand": "Current.Import"}]}], "connectorId": 1, "transactionId": 288353}', '2025-12-20 18:42:08'),
	(162, 'STATION_ADVANCED_01', 'Call', 'Heartbeat', 'd92fd6eb-d8e5-48c3-b546-c629b8eee164', '{}', '2025-12-20 18:42:11'),
	(163, 'STATION_ADVANCED_01', 'Call', 'BootNotification', '74ee7ae7-d8c7-417a-963c-5e5a8b234c50', '{"firmwareVersion": "2.0.0", "chargePointModel": "AT-1000", "chargePointVendor": "Advanced Tester", "chargePointSerialNumber": "SN-STATION_ADVANCED_01"}', '2025-12-20 18:42:27'),
	(164, 'STATION_ADVANCED_01', 'Call', 'StatusNotification', 'a2440f7d-b441-49db-ad86-bd24fb99149d', '{"status": "Available", "errorCode": "NoError", "timestamp": "2025-12-20T18:42:29.688Z", "connectorId": 1}', '2025-12-20 18:42:29'),
	(165, 'STATION_ADVANCED_01', 'Call', 'Authorize', '2e2f9ebb-473e-47c2-a44a-7e29e65098db', '{"idTag": "ADVANCED_TAG_001"}', '2025-12-20 18:42:30'),
	(166, 'STATION_ADVANCED_01', 'Call', 'StatusNotification', '06f24235-06dc-433e-b741-fb1fe36d5f07', '{"status": "Preparing", "errorCode": "NoError", "timestamp": "2025-12-20T18:42:32.716Z", "connectorId": 1}', '2025-12-20 18:42:32'),
	(167, 'STATION_ADVANCED_01', 'Call', 'StartTransaction', '387b7a74-42cf-4b89-8765-04c11c7f9849', '{"idTag": "ADVANCED_TAG_001", "timestamp": "2025-12-20T18:42:33.726Z", "meterStart": 1118, "connectorId": 1}', '2025-12-20 18:42:33'),
	(168, 'STATION_ADVANCED_01', 'Call', 'StatusNotification', 'ae8cde9a-9517-4d3a-a5e3-90bf9170b348', '{"status": "Charging", "errorCode": "NoError", "timestamp": "2025-12-20T18:42:35.733Z", "connectorId": 1}', '2025-12-20 18:42:35'),
	(169, 'STATION_ADVANCED_01', 'Call', 'MeterValues', '0a2bdd29-8e95-488b-9313-44baf7bb6542', '{"meterValue": [{"timestamp": "2025-12-20T18:42:43.753Z", "sampledValue": [{"unit": "Wh", "value": "1129", "measurand": "Energy.Active.Import.Register"}, {"unit": "kW", "value": "8.31", "measurand": "Power.Active.Import"}, {"unit": "V", "value": "236.4", "measurand": "Voltage"}, {"unit": "A", "value": "20.30", "measurand": "Current.Import"}]}], "connectorId": 1, "transactionId": 978361}', '2025-12-20 18:42:43'),
	(170, 'STATION_ADVANCED_01', 'Call', '{}', '1073c89b-a88d-473a-b705-1cec999a2fc3', '{}', '2025-12-20 18:42:49'),
	(171, 'STATION_ADVANCED_01', 'Call', 'MeterValues', 'a44e25ee-9fbc-45a7-a619-1145bce06e61', '{"meterValue": [{"timestamp": "2025-12-20T18:42:53.758Z", "sampledValue": [{"unit": "Wh", "value": "1137", "measurand": "Energy.Active.Import.Register"}, {"unit": "kW", "value": "24.07", "measurand": "Power.Active.Import"}, {"unit": "V", "value": "223.8", "measurand": "Voltage"}, {"unit": "A", "value": "62.09", "measurand": "Current.Import"}]}], "connectorId": 1, "transactionId": 978361}', '2025-12-20 18:42:53'),
	(172, 'STATION_ADVANCED_01', 'Call', '{}', '40f811f3-556e-440f-b433-567850afd37e', '{}', '2025-12-20 18:42:55'),
	(173, 'STATION_ADVANCED_01', 'Call', 'Heartbeat', '5487ae4d-86ed-4697-bc75-7f29ad09a5e6', '{}', '2025-12-20 18:42:56'),
	(174, 'STATION_ADVANCED_01', 'Call', '{}', '1f0cc206-c1a1-4fe7-a554-313050b38828', '{}', '2025-12-20 18:43:01'),
	(175, 'STATION_ADVANCED_01', 'Call', 'MeterValues', '275dba29-2b86-4268-875d-561f247b9a72', '{"meterValue": [{"timestamp": "2025-12-20T18:43:03.770Z", "sampledValue": [{"unit": "Wh", "value": "1145", "measurand": "Energy.Active.Import.Register"}, {"unit": "kW", "value": "12.19", "measurand": "Power.Active.Import"}, {"unit": "V", "value": "226.2", "measurand": "Voltage"}, {"unit": "A", "value": "31.11", "measurand": "Current.Import"}]}], "connectorId": 1, "transactionId": 978361}', '2025-12-20 18:43:03'),
	(176, 'STATION_ADVANCED_01', 'Call', 'BootNotification', '4b0db76c-76de-4fe0-8bb3-fab98c6a685b', '{"firmwareVersion": "2.0.0", "chargePointModel": "AT-1000", "chargePointVendor": "Advanced Tester", "chargePointSerialNumber": "SN-STATION_ADVANCED_01"}', '2025-12-20 18:44:22'),
	(177, 'STATION_ADVANCED_01', 'Call', 'StatusNotification', '2a3b04ca-5a34-48ee-8aa2-ac7c15ba374b', '{"status": "Available", "errorCode": "NoError", "timestamp": "2025-12-20T18:44:24.756Z", "connectorId": 1}', '2025-12-20 18:44:24'),
	(178, 'STATION_ADVANCED_01', 'Call', 'Authorize', '4f776c5a-9d0b-4f88-af59-4a9e24b74f91', '{"idTag": "ADVANCED_TAG_001"}', '2025-12-20 18:44:25'),
	(179, 'STATION_ADVANCED_01', 'Call', 'StatusNotification', '0aac4f1e-783f-4f8c-b074-df1eca926c3d', '{"status": "Preparing", "errorCode": "NoError", "timestamp": "2025-12-20T18:44:27.777Z", "connectorId": 1}', '2025-12-20 18:44:27'),
	(180, 'STATION_ADVANCED_01', 'Call', 'StartTransaction', '016b6594-e6f4-421c-9f20-b6883327eb9e', '{"idTag": "ADVANCED_TAG_001", "timestamp": "2025-12-20T18:44:28.791Z", "meterStart": 722, "connectorId": 1}', '2025-12-20 18:44:28'),
	(181, 'STATION_ADVANCED_01', 'Call', 'StatusNotification', '388c2d14-c2c0-47ae-a0a9-2c41129b2601', '{"status": "Charging", "errorCode": "NoError", "timestamp": "2025-12-20T18:44:30.802Z", "connectorId": 1}', '2025-12-20 18:44:30'),
	(182, 'STATION_ADVANCED_01', 'Call', 'MeterValues', 'ecea4ead-4fde-49ac-8284-50f5d9ea63ba', '{"meterValue": [{"timestamp": "2025-12-20T18:44:38.823Z", "sampledValue": [{"unit": "Wh", "value": "735", "measurand": "Energy.Active.Import.Register"}, {"unit": "kW", "value": "14.93", "measurand": "Power.Active.Import"}, {"unit": "V", "value": "228.5", "measurand": "Voltage"}, {"unit": "A", "value": "37.72", "measurand": "Current.Import"}]}], "connectorId": 1, "transactionId": 258059}', '2025-12-20 18:44:38'),
	(183, 'STATION_ADVANCED_01', 'Call', 'MeterValues', '22354070-1c38-4118-9213-b8fd8be53a09', '{"meterValue": [{"timestamp": "2025-12-20T18:44:48.824Z", "sampledValue": [{"unit": "Wh", "value": "748", "measurand": "Energy.Active.Import.Register"}, {"unit": "kW", "value": "24.85", "measurand": "Power.Active.Import"}, {"unit": "V", "value": "238.4", "measurand": "Voltage"}, {"unit": "A", "value": "60.18", "measurand": "Current.Import"}]}], "connectorId": 1, "transactionId": 258059}', '2025-12-20 18:44:48'),
	(184, 'STATION_ADVANCED_01', 'Call', 'Heartbeat', '88ba2a39-8e29-4166-acb5-f5d63f2d1f2a', '{}', '2025-12-20 18:44:51'),
	(185, 'STATION_ADVANCED_01', 'Call', '{}', 'f81bf58e-35da-49c8-bb01-4181d4c76f53', '{}', '2025-12-20 18:44:56'),
	(186, 'STATION_ADVANCED_01', 'Call', 'MeterValues', 'a1591afe-2537-4fce-9da2-9dd20baeb606', '{"meterValue": [{"timestamp": "2025-12-20T18:44:58.836Z", "sampledValue": [{"unit": "Wh", "value": "758", "measurand": "Energy.Active.Import.Register"}, {"unit": "kW", "value": "16.82", "measurand": "Power.Active.Import"}, {"unit": "V", "value": "229.7", "measurand": "Voltage"}, {"unit": "A", "value": "42.28", "measurand": "Current.Import"}]}], "connectorId": 1, "transactionId": 258059}', '2025-12-20 18:44:58'),
	(187, 'STATION_ADVANCED_01', 'Call', 'MeterValues', '7a525783-68df-4eb6-a771-1d9cb88644b8', '{"meterValue": [{"timestamp": "2025-12-20T18:45:08.841Z", "sampledValue": [{"unit": "Wh", "value": "763", "measurand": "Energy.Active.Import.Register"}, {"unit": "kW", "value": "8.33", "measurand": "Power.Active.Import"}, {"unit": "V", "value": "233.8", "measurand": "Voltage"}, {"unit": "A", "value": "20.57", "measurand": "Current.Import"}]}], "connectorId": 1, "transactionId": 258059}', '2025-12-20 18:45:08'),
	(188, 'STATION_ADVANCED_01', 'Call', 'MeterValues', 'd5feac42-51cc-4506-9907-aa9e1c19dc7b', '{"meterValue": [{"timestamp": "2025-12-20T18:45:18.854Z", "sampledValue": [{"unit": "Wh", "value": "774", "measurand": "Energy.Active.Import.Register"}, {"unit": "kW", "value": "16.39", "measurand": "Power.Active.Import"}, {"unit": "V", "value": "226.5", "measurand": "Voltage"}, {"unit": "A", "value": "41.78", "measurand": "Current.Import"}]}], "connectorId": 1, "transactionId": 258059}', '2025-12-20 18:45:18'),
	(189, 'STATION_ADVANCED_01', 'Call', 'Heartbeat', '18dda84a-d7b7-4bf6-ad02-55923c561b89', '{}', '2025-12-20 18:45:21'),
	(190, 'STATION_ADVANCED_01', 'Call', 'BootNotification', 'e7469fc0-660b-4e97-b63a-bb2a01147423', '{"firmwareVersion": "2.0.0", "chargePointModel": "AT-1000", "chargePointVendor": "Advanced Tester", "chargePointSerialNumber": "SN-STATION_ADVANCED_01"}', '2025-12-20 18:46:01'),
	(191, 'STATION_ADVANCED_01', 'Call', 'StatusNotification', '15869272-7e9c-4c99-8768-c142b1fe9d5c', '{"status": "Available", "errorCode": "NoError", "timestamp": "2025-12-20T18:46:03.554Z", "connectorId": 1}', '2025-12-20 18:46:03'),
	(192, 'STATION_ADVANCED_01', 'Call', 'Authorize', '52dbb4cd-2621-45b2-b54c-579f7ccddba8', '{"idTag": "ADVANCED_TAG_001"}', '2025-12-20 18:46:04'),
	(193, 'STATION_ADVANCED_01', 'Call', 'StatusNotification', '6ff7c58a-7d7e-4e9e-a880-30e30f3189b6', '{"status": "Preparing", "errorCode": "NoError", "timestamp": "2025-12-20T18:46:06.573Z", "connectorId": 1}', '2025-12-20 18:46:06'),
	(194, 'STATION_ADVANCED_01', 'Call', 'StartTransaction', 'd50d3643-c876-4150-9bb5-b174d3abf6da', '{"idTag": "ADVANCED_TAG_001", "timestamp": "2025-12-20T18:46:07.585Z", "meterStart": 1400, "connectorId": 1}', '2025-12-20 18:46:07'),
	(195, 'STATION_ADVANCED_01', 'Call', 'StatusNotification', 'b9e56a29-0eb3-4939-bfcb-734dbbe1457a', '{"status": "Charging", "errorCode": "NoError", "timestamp": "2025-12-20T18:46:09.597Z", "connectorId": 1}', '2025-12-20 18:46:09'),
	(196, 'STATION_ADVANCED_01', 'Call', 'MeterValues', '54cd091b-4e82-472d-8dff-11a0442fbf54', '{"meterValue": [{"timestamp": "2025-12-20T18:46:17.608Z", "sampledValue": [{"unit": "Wh", "value": "1413", "measurand": "Energy.Active.Import.Register"}, {"unit": "kW", "value": "13.74", "measurand": "Power.Active.Import"}, {"unit": "V", "value": "229.8", "measurand": "Voltage"}, {"unit": "A", "value": "34.52", "measurand": "Current.Import"}]}], "connectorId": 1, "transactionId": 556102}', '2025-12-20 18:46:17'),
	(197, 'STATION_ADVANCED_01', 'Call', 'MeterValues', '5bdaf2e8-5c09-4de6-b720-efc204a3cd11', '{"meterValue": [{"timestamp": "2025-12-20T18:46:27.621Z", "sampledValue": [{"unit": "Wh", "value": "1425", "measurand": "Energy.Active.Import.Register"}, {"unit": "kW", "value": "20.50", "measurand": "Power.Active.Import"}, {"unit": "V", "value": "222.2", "measurand": "Voltage"}, {"unit": "A", "value": "53.27", "measurand": "Current.Import"}]}], "connectorId": 1, "transactionId": 556102}', '2025-12-20 18:46:27'),
	(198, 'STATION_ADVANCED_01', 'Call', 'Heartbeat', '44996a4c-947c-4835-a7b7-b17311547b3d', '{}', '2025-12-20 18:46:30'),
	(199, 'STATION_ADVANCED_01', 'Call', 'MeterValues', '05b9ea0b-d086-4d1f-8e2d-1885dd8e8e33', '{"meterValue": [{"timestamp": "2025-12-20T18:46:37.635Z", "sampledValue": [{"unit": "Wh", "value": "1434", "measurand": "Energy.Active.Import.Register"}, {"unit": "kW", "value": "12.49", "measurand": "Power.Active.Import"}, {"unit": "V", "value": "226.4", "measurand": "Voltage"}, {"unit": "A", "value": "31.85", "measurand": "Current.Import"}]}], "connectorId": 1, "transactionId": 556102}', '2025-12-20 18:46:37'),
	(200, 'STATION_ADVANCED_01', 'Call', 'BootNotification', '2584e928-f7a2-4e83-92e3-7a772ced4335', '{"firmwareVersion": "2.0.0", "chargePointModel": "AT-1000", "chargePointVendor": "Advanced Tester", "chargePointSerialNumber": "SN-STATION_ADVANCED_01"}', '2025-12-20 18:49:27'),
	(201, 'STATION_ADVANCED_01', 'Call', 'StatusNotification', 'a7a9c478-4bea-4cef-8791-1b25e7ac2b69', '{"status": "Available", "errorCode": "NoError", "timestamp": "2025-12-20T18:49:29.336Z", "connectorId": 1}', '2025-12-20 18:49:29'),
	(202, 'STATION_ADVANCED_01', 'Call', 'Authorize', '1f505926-016e-4ffc-9106-6008daa53dff', '{"idTag": "ADVANCED_TAG_001"}', '2025-12-20 18:49:30'),
	(203, 'STATION_ADVANCED_01', 'Call', 'StatusNotification', '2cd618c5-3db9-4d87-a8fb-fdc851280b6d', '{"status": "Preparing", "errorCode": "NoError", "timestamp": "2025-12-20T18:49:32.355Z", "connectorId": 1}', '2025-12-20 18:49:32'),
	(204, 'STATION_ADVANCED_01', 'Call', 'StartTransaction', '9de3e7e2-180d-45b6-9067-6de1f6fb22f3', '{"idTag": "ADVANCED_TAG_001", "timestamp": "2025-12-20T18:49:33.368Z", "meterStart": 577, "connectorId": 1}', '2025-12-20 18:49:33'),
	(205, 'STATION_ADVANCED_01', 'Call', 'StatusNotification', '77987b72-c979-4b78-a123-73c50fd0faee', '{"status": "Charging", "errorCode": "NoError", "timestamp": "2025-12-20T18:49:35.376Z", "connectorId": 1}', '2025-12-20 18:49:35'),
	(206, 'STATION_ADVANCED_01', 'Call', 'MeterValues', '19d6d425-b715-45c3-bc87-08860231cb73', '{"meterValue": [{"timestamp": "2025-12-20T18:49:43.399Z", "sampledValue": [{"unit": "Wh", "value": "584", "measurand": "Energy.Active.Import.Register"}, {"unit": "kW", "value": "16.24", "measurand": "Power.Active.Import"}, {"unit": "V", "value": "221.0", "measurand": "Voltage"}, {"unit": "A", "value": "42.43", "measurand": "Current.Import"}]}], "connectorId": 1, "transactionId": 847241}', '2025-12-20 18:49:43'),
	(207, 'STATION_ADVANCED_01', 'Call', 'MeterValues', '92621cc7-7ba4-418a-8228-114899f98229', '{"meterValue": [{"timestamp": "2025-12-20T18:49:53.406Z", "sampledValue": [{"unit": "Wh", "value": "597", "measurand": "Energy.Active.Import.Register"}, {"unit": "kW", "value": "16.69", "measurand": "Power.Active.Import"}, {"unit": "V", "value": "228.3", "measurand": "Voltage"}, {"unit": "A", "value": "42.21", "measurand": "Current.Import"}]}], "connectorId": 1, "transactionId": 847241}', '2025-12-20 18:49:53'),
	(208, 'STATION_ADVANCED_01', 'Call', 'Heartbeat', 'ad58a9a1-3609-4426-9348-4c3e8de123d4', '{}', '2025-12-20 18:49:56'),
	(209, 'STATION_ADVANCED_01', 'Call', 'MeterValues', 'f76576a8-5a71-49c6-bb9c-42ca80ef1abf', '{"meterValue": [{"timestamp": "2025-12-20T18:50:03.411Z", "sampledValue": [{"unit": "Wh", "value": "606", "measurand": "Energy.Active.Import.Register"}, {"unit": "kW", "value": "6.95", "measurand": "Power.Active.Import"}, {"unit": "V", "value": "223.0", "measurand": "Voltage"}, {"unit": "A", "value": "17.99", "measurand": "Current.Import"}]}], "connectorId": 1, "transactionId": 847241}', '2025-12-20 18:50:03'),
	(210, 'STATION_ADVANCED_01', 'Call', 'BootNotification', 'cb689b8b-0840-4b0d-a53c-81fdd19a5271', '{"firmwareVersion": "2.0.0", "chargePointModel": "AT-1000", "chargePointVendor": "Advanced Tester", "chargePointSerialNumber": "SN-STATION_ADVANCED_01"}', '2025-12-20 19:02:21'),
	(211, 'STATION_ADVANCED_01', 'Call', 'StatusNotification', '876562f0-3e98-49f7-bf74-706e037fc666', '{"status": "Available", "errorCode": "NoError", "timestamp": "2025-12-20T19:02:23.507Z", "connectorId": 1}', '2025-12-20 19:02:23'),
	(212, 'STATION_ADVANCED_01', 'Call', 'Authorize', '177f33d4-2678-4975-8c24-6cc9e778ec03', '{"idTag": "ADVANCED_TAG_001"}', '2025-12-20 19:02:24'),
	(213, 'STATION_ADVANCED_01', 'Call', 'StatusNotification', '91098aa7-2c83-4224-ac53-37f0b79055f0', '{"status": "Preparing", "errorCode": "NoError", "timestamp": "2025-12-20T19:02:26.530Z", "connectorId": 1}', '2025-12-20 19:02:26'),
	(214, 'STATION_ADVANCED_01', 'Call', 'StartTransaction', '2383af17-7582-449c-b2c6-d8a19f4c8771', '{"idTag": "ADVANCED_TAG_001", "timestamp": "2025-12-20T19:02:27.546Z", "meterStart": 538, "connectorId": 1}', '2025-12-20 19:02:27'),
	(215, 'STATION_ADVANCED_01', 'Call', 'StatusNotification', '7dc9df60-0a49-4fb7-9f23-0e08b39f1816', '{"status": "Charging", "errorCode": "NoError", "timestamp": "2025-12-20T19:02:29.558Z", "connectorId": 1}', '2025-12-20 19:02:29'),
	(216, 'STATION_ADVANCED_01', 'Call', 'BootNotification', '3b49c25b-f962-4f19-9de2-90c072626093', '{"firmwareVersion": "2.0.0", "chargePointModel": "AT-1000", "chargePointVendor": "Advanced Tester", "chargePointSerialNumber": "SN-STATION_ADVANCED_01"}', '2025-12-20 19:02:58'),
	(217, 'STATION_ADVANCED_01', 'Call', 'StatusNotification', '801a2ad5-fa80-4686-8cee-2ab16beddbfe', '{"status": "Available", "errorCode": "NoError", "timestamp": "2025-12-20T19:03:00.462Z", "connectorId": 1}', '2025-12-20 19:03:00'),
	(218, 'STATION_ADVANCED_01', 'Call', 'Authorize', '11d76e22-8c39-47bd-9002-3f93103bc21d', '{"idTag": "ADVANCED_TAG_001"}', '2025-12-20 19:03:01'),
	(219, 'STATION_ADVANCED_01', 'Call', 'StatusNotification', '0143920d-3b10-4ef4-950c-33e0966142ab', '{"status": "Preparing", "errorCode": "NoError", "timestamp": "2025-12-20T19:03:03.481Z", "connectorId": 1}', '2025-12-20 19:03:03'),
	(220, 'STATION_ADVANCED_01', 'Call', 'StartTransaction', '0729f0b8-ec06-4f0e-93a7-a91210d0716f', '{"idTag": "ADVANCED_TAG_001", "timestamp": "2025-12-20T19:03:04.483Z", "meterStart": 782, "connectorId": 1}', '2025-12-20 19:03:04'),
	(221, 'STATION_ADVANCED_01', 'Call', 'StatusNotification', 'abe574f3-5103-4cdc-8d00-998e6f3905cd', '{"status": "Charging", "errorCode": "NoError", "timestamp": "2025-12-20T19:03:06.488Z", "connectorId": 1}', '2025-12-20 19:03:06'),
	(222, 'STATION_ADVANCED_01', 'Call', 'Heartbeat', 'c57e816c-5adb-4f5a-b67c-8ce253ef0345', '{}', '2025-12-20 19:03:27'),
	(223, 'STATION_ADVANCED_01', 'Call', 'Heartbeat', '3b83df1c-1cd7-4fc3-aa9e-1c1d1d66d9e9', '{}', '2025-12-20 19:03:57'),
	(224, 'STATION_ADVANCED_01', 'Call', 'StatusNotification', 'e08f90eb-7760-493d-afcc-1c69bc9b6c29', '{"status": "Available", "errorCode": "NoError", "timestamp": "2025-12-20T19:04:11.143Z", "connectorId": 1}', '2025-12-20 19:04:11'),
	(225, 'STATION_ADVANCED_01', 'Call', 'BootNotification', 'adb58019-0e9d-4cc9-9168-fcde753d57b9', '{"firmwareVersion": "2.0.0", "chargePointModel": "AT-1000", "chargePointVendor": "Advanced Tester", "chargePointSerialNumber": "SN-STATION_ADVANCED_01"}', '2025-12-20 19:04:43'),
	(226, 'STATION_ADVANCED_01', 'Call', 'StatusNotification', 'a194aa6a-5520-40a1-b978-83adab4b0f9c', '{"status": "Available", "errorCode": "NoError", "timestamp": "2025-12-20T19:04:45.903Z", "connectorId": 1}', '2025-12-20 19:04:45'),
	(227, 'STATION_ADVANCED_01', 'Call', 'Authorize', '2592a7cd-35a0-489d-affa-2139535c1902', '{"idTag": "ADVANCED_TAG_001"}', '2025-12-20 19:04:46'),
	(228, 'STATION_ADVANCED_01', 'Call', 'StatusNotification', '31423f0d-7703-4d19-9462-2d0f3d22987b', '{"status": "Preparing", "errorCode": "NoError", "timestamp": "2025-12-20T19:04:48.925Z", "connectorId": 1}', '2025-12-20 19:04:48'),
	(229, 'STATION_ADVANCED_01', 'Call', 'StartTransaction', '98b9456d-da96-4ab1-955e-8d67b027d3cd', '{"idTag": "ADVANCED_TAG_001", "timestamp": "2025-12-20T19:04:49.934Z", "meterStart": 1118, "connectorId": 1}', '2025-12-20 19:04:49'),
	(230, 'STATION_ADVANCED_01', 'Call', 'StatusNotification', '07a737f9-97aa-407c-8721-6b428939f3b5', '{"status": "Charging", "errorCode": "NoError", "timestamp": "2025-12-20T19:04:51.940Z", "connectorId": 1}', '2025-12-20 19:04:51'),
	(231, 'STATION_ADVANCED_01', 'Call', 'Heartbeat', 'd837deda-8799-4cab-800b-3d58707e9ff4', '{}', '2025-12-20 19:05:12'),
	(232, 'STATION_ADVANCED_01', 'Call', 'BootNotification', '3910ae6a-d0b4-4fa3-8af3-4d447ba547e4', '{"firmwareVersion": "2.0.0", "chargePointModel": "AT-1000", "chargePointVendor": "Advanced Tester", "chargePointSerialNumber": "SN-STATION_ADVANCED_01"}', '2025-12-20 19:09:23'),
	(233, 'STATION_ADVANCED_01', 'Call', 'StatusNotification', 'ee95ae53-bb79-464b-89f2-566533edba1f', '{"status": "Available", "errorCode": "NoError", "timestamp": "2025-12-20T19:09:25.409Z", "connectorId": 1}', '2025-12-20 19:09:25'),
	(234, 'STATION_ADVANCED_01', 'Call', 'Authorize', '752b0488-3744-40b9-9c45-66062072243c', '{"idTag": "ADVANCED_TAG_001"}', '2025-12-20 19:09:26'),
	(235, 'STATION_ADVANCED_01', 'Call', 'StatusNotification', '62279d40-8d70-428f-a24f-4130bb9bf48c', '{"status": "Preparing", "errorCode": "NoError", "timestamp": "2025-12-20T19:09:28.430Z", "connectorId": 1}', '2025-12-20 19:09:28'),
	(236, 'STATION_ADVANCED_01', 'Call', 'StartTransaction', '19204ce8-cf61-444d-887f-01d7aa302cf7', '{"idTag": "ADVANCED_TAG_001", "timestamp": "2025-12-20T19:09:29.442Z", "meterStart": 789, "connectorId": 1}', '2025-12-20 19:09:29'),
	(237, 'STATION_ADVANCED_01', 'Call', 'StatusNotification', 'cef22d6a-d30e-45f1-ac7f-a4be8e264305', '{"status": "Charging", "errorCode": "NoError", "timestamp": "2025-12-20T19:09:31.458Z", "connectorId": 1}', '2025-12-20 19:09:31'),
	(238, 'STATION_ADVANCED_01', 'Call', 'Heartbeat', '43cc35bb-32d9-436c-8f89-39dce3bd1897', '{}', '2025-12-20 19:09:52'),
	(239, 'STATION_ADVANCED_01', 'Call', 'BootNotification', '42e1397f-7ab1-4671-b467-6979129d4a45', '{"firmwareVersion": "2.0.0", "chargePointModel": "AT-1000", "chargePointVendor": "Advanced Tester", "chargePointSerialNumber": "SN-STATION_ADVANCED_01"}', '2025-12-20 19:10:20'),
	(240, 'STATION_ADVANCED_01', 'Call', 'StatusNotification', 'c58f0a58-b977-4eb1-b166-9c3dec8519eb', '{"status": "Available", "errorCode": "NoError", "timestamp": "2025-12-20T19:10:22.451Z", "connectorId": 1}', '2025-12-20 19:10:22'),
	(241, 'STATION_ADVANCED_01', 'Call', 'Authorize', '1b7b626d-82f6-4f21-8894-b26bccc8eb35', '{"idTag": "ADVANCED_TAG_001"}', '2025-12-20 19:10:23'),
	(242, 'STATION_ADVANCED_01', 'Call', 'StatusNotification', '68c5059b-d152-4663-b686-7035b1094635', '{"status": "Preparing", "errorCode": "NoError", "timestamp": "2025-12-20T19:10:25.467Z", "connectorId": 1}', '2025-12-20 19:10:25'),
	(243, 'STATION_ADVANCED_01', 'Call', 'StartTransaction', '55fc849a-6169-422b-8fb6-911ba94e8cd9', '{"idTag": "ADVANCED_TAG_001", "timestamp": "2025-12-20T19:10:26.484Z", "meterStart": 1049, "connectorId": 1}', '2025-12-20 19:10:26'),
	(244, 'STATION_ADVANCED_01', 'Call', 'StatusNotification', '69c45d5f-147e-4384-9669-d00fc5cd2695', '{"status": "Charging", "errorCode": "NoError", "timestamp": "2025-12-20T19:10:28.491Z", "connectorId": 1}', '2025-12-20 19:10:28'),
	(245, 'STATION_ADVANCED_01', 'Call', 'BootNotification', '1fa3e66f-3918-4121-aabe-87b0504f6232', '{"firmwareVersion": "2.0.0", "chargePointModel": "AT-1000", "chargePointVendor": "Advanced Tester", "chargePointSerialNumber": "SN-STATION_ADVANCED_01"}', '2025-12-20 19:13:30'),
	(246, 'STATION_ADVANCED_01', 'Call', 'StatusNotification', 'bdb68740-3cc9-4381-a2c7-3d980c51e546', '{"status": "Available", "errorCode": "NoError", "timestamp": "2025-12-20T19:13:32.683Z", "connectorId": 1}', '2025-12-20 19:13:32'),
	(247, 'STATION_ADVANCED_01', 'Call', 'Authorize', '8eee6d82-770c-4194-9c5c-a499b7fbda7a', '{"idTag": "ADVANCED_TAG_001"}', '2025-12-20 19:13:33'),
	(248, 'STATION_ADVANCED_01', 'Call', 'StatusNotification', 'af1fc7b4-99cf-4b60-8626-a215aac0bfc2', '{"status": "Preparing", "errorCode": "NoError", "timestamp": "2025-12-20T19:13:35.708Z", "connectorId": 1}', '2025-12-20 19:13:35'),
	(249, 'STATION_ADVANCED_01', 'Call', 'StartTransaction', '0c986619-a54e-4445-9c75-78ad88b59339', '{"idTag": "ADVANCED_TAG_001", "timestamp": "2025-12-20T19:13:36.722Z", "meterStart": 828, "connectorId": 1}', '2025-12-20 19:13:36'),
	(250, 'STATION_ADVANCED_01', 'Call', 'StatusNotification', 'b2bc6e01-5bf3-428f-9edc-b8535552df8e', '{"status": "Charging", "errorCode": "NoError", "timestamp": "2025-12-20T19:13:38.744Z", "connectorId": 1}', '2025-12-20 19:13:38'),
	(251, 'STATION_ADVANCED_01', 'Call', 'Heartbeat', '278a5adf-3822-4de6-a470-0f51b55d11fc', '{}', '2025-12-20 19:13:59'),
	(252, 'STATION_ADVANCED_01', 'Call', 'BootNotification', 'e89e5007-a1ca-495b-be77-73e6e7c40c94', '{"firmwareVersion": "2.0.0", "chargePointModel": "AT-1000", "chargePointVendor": "Advanced Tester", "chargePointSerialNumber": "SN-STATION_ADVANCED_01"}', '2025-12-20 19:19:08'),
	(253, 'STATION_ADVANCED_01', 'Call', 'StatusNotification', 'd344d453-af8d-444d-80ce-d6de7cd0289e', '{"status": "Available", "errorCode": "NoError", "timestamp": "2025-12-20T19:19:10.512Z", "connectorId": 1}', '2025-12-20 19:19:10'),
	(254, 'STATION_ADVANCED_01', 'Call', 'Authorize', 'f111cc0c-5bdc-4265-9a17-43fd4a7d6fb2', '{"idTag": "ADVANCED_TAG_001"}', '2025-12-20 19:19:11'),
	(255, 'STATION_ADVANCED_01', 'Call', 'StatusNotification', '683852a2-8341-4fc3-abdb-c7cd50405184', '{"status": "Preparing", "errorCode": "NoError", "timestamp": "2025-12-20T19:19:13.526Z", "connectorId": 1}', '2025-12-20 19:19:13'),
	(256, 'STATION_ADVANCED_01', 'Call', 'StartTransaction', '8cb3f022-8760-4e8f-a3b5-33e99367aaec', '{"idTag": "ADVANCED_TAG_001", "timestamp": "2025-12-20T19:19:14.538Z", "meterStart": 965, "connectorId": 1}', '2025-12-20 19:19:14'),
	(257, 'STATION_ADVANCED_01', 'Call', 'StatusNotification', 'f036c8d2-6b49-47d5-b202-2a825a5a9a6c', '{"status": "Charging", "errorCode": "NoError", "timestamp": "2025-12-20T19:19:16.547Z", "connectorId": 1}', '2025-12-20 19:19:16'),
	(258, 'STATION_ADVANCED_01', 'Call', 'BootNotification', 'f4af87d1-83e3-4d11-8a8e-39dc737c8e45', '{"firmwareVersion": "2.0.0", "chargePointModel": "AT-1000", "chargePointVendor": "Advanced Tester", "chargePointSerialNumber": "SN-STATION_ADVANCED_01"}', '2025-12-20 19:21:12'),
	(259, 'STATION_ADVANCED_01', 'Call', 'StatusNotification', 'fd318e41-22c4-49dc-9837-bb75237b29df', '{"status": "Available", "errorCode": "NoError", "timestamp": "2025-12-20T19:21:14.021Z", "connectorId": 1}', '2025-12-20 19:21:14'),
	(260, 'STATION_ADVANCED_01', 'Call', 'Authorize', 'ebd548dc-9aa5-408b-ae34-2f541015b2f4', '{"idTag": "ADVANCED_TAG_001"}', '2025-12-20 19:21:15'),
	(261, 'STATION_ADVANCED_01', 'Call', 'StatusNotification', '90e5dd33-28f8-4563-bf97-4e70990aab14', '{"status": "Preparing", "errorCode": "NoError", "timestamp": "2025-12-20T19:21:17.045Z", "connectorId": 1}', '2025-12-20 19:21:17'),
	(262, 'STATION_ADVANCED_01', 'Call', 'StartTransaction', '845b96a9-3d19-4ee5-8ded-2b1c718c98f9', '{"idTag": "ADVANCED_TAG_001", "timestamp": "2025-12-20T19:21:18.056Z", "meterStart": 1294, "connectorId": 1}', '2025-12-20 19:21:18'),
	(263, 'STATION_ADVANCED_01', 'Call', 'StatusNotification', 'eeee5359-e463-4194-ae57-3b3c5da791c4', '{"status": "Charging", "errorCode": "NoError", "timestamp": "2025-12-20T19:21:20.059Z", "connectorId": 1}', '2025-12-20 19:21:20'),
	(264, 'STATION_ADVANCED_01', 'Call', 'Heartbeat', 'e53c0311-a202-43ab-95f6-978e93b381c4', '{}', '2025-12-20 19:21:41'),
	(265, 'STATION_ADVANCED_01', 'Call', 'BootNotification', '2b103c73-277c-45fd-86e2-80e70b3e5ae0', '{"firmwareVersion": "2.0.0", "chargePointModel": "AT-1000", "chargePointVendor": "Advanced Tester", "chargePointSerialNumber": "SN-STATION_ADVANCED_01"}', '2025-12-20 19:22:39'),
	(266, 'STATION_ADVANCED_01', 'Call', 'StatusNotification', '7f8798b6-5220-4006-a6e9-c168d778d88b', '{"status": "Available", "errorCode": "NoError", "timestamp": "2025-12-20T19:22:41.876Z", "connectorId": 1}', '2025-12-20 19:22:41'),
	(267, 'STATION_ADVANCED_01', 'Call', 'Authorize', '5d243092-73e8-43a6-8653-73bc1423e46e', '{"idTag": "ADVANCED_TAG_001"}', '2025-12-20 19:22:42'),
	(268, 'STATION_ADVANCED_01', 'Call', 'StatusNotification', '34b0138e-9a07-4c76-be46-3e6e5545a72a', '{"status": "Preparing", "errorCode": "NoError", "timestamp": "2025-12-20T19:22:44.904Z", "connectorId": 1}', '2025-12-20 19:22:44'),
	(269, 'STATION_ADVANCED_01', 'Call', 'StartTransaction', '47349904-6f1e-46f0-81ca-9c98f6976dba', '{"idTag": "ADVANCED_TAG_001", "timestamp": "2025-12-20T19:22:45.915Z", "meterStart": 946, "connectorId": 1}', '2025-12-20 19:22:45'),
	(270, 'STATION_ADVANCED_01', 'Call', 'StatusNotification', '0b3abdeb-eca1-4862-b85f-d5d58df33794', '{"status": "Charging", "errorCode": "NoError", "timestamp": "2025-12-20T19:22:47.924Z", "connectorId": 1}', '2025-12-20 19:22:47'),
	(271, 'STATION_ADVANCED_01', 'Call', 'Heartbeat', '108488a9-3b50-4b2d-9193-bf33766403a7', '{}', '2025-12-20 19:23:08'),
	(272, 'STATION_ADVANCED_01', 'Call', 'BootNotification', 'd755bc6f-fd67-42a1-828c-207ec7394618', '{"firmwareVersion": "2.0.0", "chargePointModel": "AT-1000", "chargePointVendor": "Advanced Tester", "chargePointSerialNumber": "SN-STATION_ADVANCED_01"}', '2025-12-20 19:24:30'),
	(273, 'STATION_ADVANCED_01', 'Call', 'StatusNotification', '30719d80-871e-4216-8d7e-6a5a77e98a14', '{"status": "Available", "errorCode": "NoError", "timestamp": "2025-12-20T19:24:32.812Z", "connectorId": 1}', '2025-12-20 19:24:32'),
	(274, 'STATION_ADVANCED_01', 'Call', 'Authorize', '12807f37-8c58-49ea-a657-b8b1a09ac01a', '{"idTag": "ADVANCED_TAG_001"}', '2025-12-20 19:24:33'),
	(275, 'STATION_ADVANCED_01', 'Call', 'StatusNotification', '2d030dea-2230-4ccc-b586-fb1c3da882f1', '{"status": "Preparing", "errorCode": "NoError", "timestamp": "2025-12-20T19:24:35.835Z", "connectorId": 1}', '2025-12-20 19:24:35'),
	(276, 'STATION_ADVANCED_01', 'Call', 'StartTransaction', '6bef76de-a788-4799-8483-d19a84137693', '{"idTag": "ADVANCED_TAG_001", "timestamp": "2025-12-20T19:24:36.852Z", "meterStart": 743, "connectorId": 1}', '2025-12-20 19:24:36'),
	(277, 'STATION_ADVANCED_01', 'Call', 'StatusNotification', '0858ace8-0097-4580-92a0-349ddade1d0c', '{"status": "Charging", "errorCode": "NoError", "timestamp": "2025-12-20T19:24:38.853Z", "connectorId": 1}', '2025-12-20 19:24:38'),
	(278, 'STATION_ADVANCED_01', 'Call', 'BootNotification', '1dd634bf-d4f6-4083-8264-5d1a4bf94dc5', '{"firmwareVersion": "2.0.0", "chargePointModel": "AT-1000", "chargePointVendor": "Advanced Tester", "chargePointSerialNumber": "SN-STATION_ADVANCED_01"}', '2025-12-20 19:27:56'),
	(279, 'STATION_ADVANCED_01', 'Call', 'StatusNotification', '3e7807c6-be24-4261-bed2-483872753dcb', '{"status": "Available", "errorCode": "NoError", "timestamp": "2025-12-20T19:27:58.761Z", "connectorId": 1}', '2025-12-20 19:27:58'),
	(280, 'STATION_ADVANCED_01', 'Call', 'Authorize', '687946ea-9ade-4664-b3a7-9d6013d4ee98', '{"idTag": "ADVANCED_TAG_001"}', '2025-12-20 19:27:59'),
	(281, 'STATION_ADVANCED_01', 'Call', 'StatusNotification', '1da4ae7f-df70-433e-b578-60119960aaee', '{"status": "Preparing", "errorCode": "NoError", "timestamp": "2025-12-20T19:28:01.788Z", "connectorId": 1}', '2025-12-20 19:28:01'),
	(282, 'STATION_ADVANCED_01', 'Call', 'StartTransaction', 'aa7a8261-39db-441a-a9de-a73f617608ed', '{"idTag": "ADVANCED_TAG_001", "timestamp": "2025-12-20T19:28:02.802Z", "meterStart": 1126, "connectorId": 1}', '2025-12-20 19:28:02'),
	(283, 'STATION_ADVANCED_01', 'Call', 'StatusNotification', '24819c4e-bae0-4db7-b1ff-c77bcd5c71e7', '{"status": "Charging", "errorCode": "NoError", "timestamp": "2025-12-20T19:28:04.807Z", "connectorId": 1}', '2025-12-20 19:28:04'),
	(284, 'STATION_ADVANCED_01', 'Call', 'MeterValues', '46287b9c-837c-4c9c-90c8-c39fe3979fbd', '{"meterValue": [{"timestamp": "2025-12-20T19:28:12.825Z", "sampledValue": [{"unit": "Wh", "value": "1136", "measurand": "Energy.Active.Import.Register"}, {"unit": "kW", "value": "9.73", "measurand": "Power.Active.Import"}, {"unit": "V", "value": "235.8", "measurand": "Voltage"}, {"unit": "A", "value": "23.82", "measurand": "Current.Import"}]}], "connectorId": 1, "transactionId": 340223}', '2025-12-20 19:28:12'),
	(285, 'STATION_ADVANCED_01', 'Call', 'MeterValues', 'd5e0f69b-9944-4d5a-913c-020ed90ca3ef', '{"meterValue": [{"timestamp": "2025-12-20T19:28:22.835Z", "sampledValue": [{"unit": "Wh", "value": "1143", "measurand": "Energy.Active.Import.Register"}, {"unit": "kW", "value": "23.76", "measurand": "Power.Active.Import"}, {"unit": "V", "value": "237.9", "measurand": "Voltage"}, {"unit": "A", "value": "57.66", "measurand": "Current.Import"}]}], "connectorId": 1, "transactionId": 340223}', '2025-12-20 19:28:22'),
	(286, 'STATION_ADVANCED_01', 'Call', 'Heartbeat', 'b7884e83-b4af-4233-aea0-0edfbf90000d', '{}', '2025-12-20 19:28:25'),
	(287, 'STATION_ADVANCED_01', 'Call', 'MeterValues', '44878c9a-113d-401b-8e09-71816e1af82b', '{"meterValue": [{"timestamp": "2025-12-20T19:28:32.843Z", "sampledValue": [{"unit": "Wh", "value": "1151", "measurand": "Energy.Active.Import.Register"}, {"unit": "kW", "value": "17.99", "measurand": "Power.Active.Import"}, {"unit": "V", "value": "221.7", "measurand": "Voltage"}, {"unit": "A", "value": "46.85", "measurand": "Current.Import"}]}], "connectorId": 1, "transactionId": 340223}', '2025-12-20 19:28:32'),
	(288, 'STATION_ADVANCED_01', 'Call', 'BootNotification', '025cd912-6122-427b-a32c-fa386dad13f4', '{"firmwareVersion": "2.0.0", "chargePointModel": "AT-1000", "chargePointVendor": "Advanced Tester", "chargePointSerialNumber": "SN-STATION_ADVANCED_01"}', '2025-12-20 19:30:00'),
	(289, 'STATION_ADVANCED_01', 'Call', 'StatusNotification', '57232c53-ae93-4541-94f1-085e71492b61', '{"status": "Available", "errorCode": "NoError", "timestamp": "2025-12-20T19:30:02.655Z", "connectorId": 1}', '2025-12-20 19:30:02'),
	(290, 'STATION_ADVANCED_01', 'Call', 'Authorize', '62256bb2-ea42-4102-8052-87e30f2ea856', '{"idTag": "ADVANCED_TAG_001"}', '2025-12-20 19:30:03'),
	(291, 'STATION_ADVANCED_01', 'Call', 'StatusNotification', '0651419a-a174-4648-b9ed-d751da5c577c', '{"status": "Preparing", "errorCode": "NoError", "timestamp": "2025-12-20T19:30:05.666Z", "connectorId": 1}', '2025-12-20 19:30:05'),
	(292, 'STATION_ADVANCED_01', 'Call', 'StartTransaction', 'ea196f9b-e587-47a9-9e1f-03fb63f09b20', '{"idTag": "ADVANCED_TAG_001", "timestamp": "2025-12-20T19:30:06.675Z", "meterStart": 611, "connectorId": 1}', '2025-12-20 19:30:06'),
	(293, 'STATION_ADVANCED_01', 'Call', 'StatusNotification', 'f5f6d437-753a-47c1-a343-62d89606d8bd', '{"status": "Charging", "errorCode": "NoError", "timestamp": "2025-12-20T19:30:08.682Z", "connectorId": 1}', '2025-12-20 19:30:08'),
	(294, 'STATION_ADVANCED_01', 'Call', 'MeterValues', '5d2ee9cf-61e4-438a-9b2a-e6a472f7769e', '{"meterValue": [{"timestamp": "2025-12-20T19:30:16.714Z", "sampledValue": [{"unit": "Wh", "value": "623", "measurand": "Energy.Active.Import.Register"}, {"unit": "kW", "value": "18.90", "measurand": "Power.Active.Import"}, {"unit": "V", "value": "229.8", "measurand": "Voltage"}, {"unit": "A", "value": "47.48", "measurand": "Current.Import"}]}], "connectorId": 1, "transactionId": 16448}', '2025-12-20 19:30:16'),
	(295, 'STATION_ADVANCED_01', 'Call', 'MeterValues', '749883d8-268e-438e-b73a-b17dca8c8249', '{"meterValue": [{"timestamp": "2025-12-20T19:30:26.724Z", "sampledValue": [{"unit": "Wh", "value": "628", "measurand": "Energy.Active.Import.Register"}, {"unit": "kW", "value": "7.01", "measurand": "Power.Active.Import"}, {"unit": "V", "value": "223.3", "measurand": "Voltage"}, {"unit": "A", "value": "18.12", "measurand": "Current.Import"}]}], "connectorId": 1, "transactionId": 16448}', '2025-12-20 19:30:26'),
	(296, 'STATION_ADVANCED_01', 'Call', 'Heartbeat', '20167160-6570-46c1-bac7-378b1474230f', '{}', '2025-12-20 19:30:29'),
	(297, 'STATION_ADVANCED_01', 'Call', 'StatusNotification', 'ccc0b664-7147-40c5-b153-3c213062b500', '{"status": "Available", "errorCode": "NoError", "timestamp": "2025-12-20T19:30:31.821Z", "connectorId": 1}', '2025-12-20 19:30:31'),
	(298, 'STATION_ADVANCED_01', 'Call', 'StopTransaction', 'b6a9d1fe-51ae-4856-bd6e-7196d4e4f3da', '{"reason": "Remote", "meterStop": 628, "timestamp": "2025-12-20T19:30:31.819Z", "transactionId": 16448}', '2025-12-20 19:30:31'),
	(299, 'STATION_ADVANCED_01', 'Call', 'Heartbeat', 'e3df8a9a-79b4-4059-b1db-8989c50f1d8b', '{}', '2025-12-20 19:30:59'),
	(300, 'STATION_ADVANCED_01', 'Call', 'StatusNotification', '8f7bbfb8-0153-48c8-8fb8-9373b690fdf6', '{"status": "Available", "errorCode": "NoError", "timestamp": "2025-12-20T19:31:13.259Z", "connectorId": 1}', '2025-12-20 19:31:13'),
	(301, 'STATION_ADVANCED_01', 'Call', 'BootNotification', '6545fdf4-01fd-4c14-9b7a-92408b03781e', '{"firmwareVersion": "2.0.0", "chargePointModel": "AT-1000", "chargePointVendor": "Advanced Tester", "chargePointSerialNumber": "SN-STATION_ADVANCED_01"}', '2025-12-20 19:31:30'),
	(302, 'STATION_ADVANCED_01', 'Call', 'StatusNotification', '36a7749a-8650-4a03-a504-e0a35982a0bf', '{"status": "Available", "errorCode": "NoError", "timestamp": "2025-12-20T19:31:32.410Z", "connectorId": 1}', '2025-12-20 19:31:32'),
	(303, 'STATION_ADVANCED_01', 'Call', 'Authorize', '87aab2b0-5034-4836-b7eb-010b3b08e30a', '{"idTag": "ADVANCED_TAG_001"}', '2025-12-20 19:31:33'),
	(304, 'STATION_ADVANCED_01', 'Call', 'StatusNotification', 'f79461cd-b2ce-4452-966d-efc8caa9a9df', '{"status": "Preparing", "errorCode": "NoError", "timestamp": "2025-12-20T19:31:35.437Z", "connectorId": 1}', '2025-12-20 19:31:35'),
	(305, 'STATION_ADVANCED_01', 'Call', 'StartTransaction', 'ee6df03b-683f-44b7-a769-227e6fd97baa', '{"idTag": "ADVANCED_TAG_001", "timestamp": "2025-12-20T19:31:36.438Z", "meterStart": 731, "connectorId": 1}', '2025-12-20 19:31:36'),
	(306, 'STATION_ADVANCED_01', 'Call', 'StatusNotification', 'd67b6966-9c33-4063-aebc-48fa1fea6fb0', '{"status": "Charging", "errorCode": "NoError", "timestamp": "2025-12-20T19:31:38.447Z", "connectorId": 1}', '2025-12-20 19:31:38'),
	(307, 'STATION_ADVANCED_01', 'Call', 'MeterValues', '9d54be2b-742b-44f6-82ef-e9e2a90f4ad0', '{"meterValue": [{"timestamp": "2025-12-20T19:31:46.485Z", "sampledValue": [{"unit": "Wh", "value": "743", "measurand": "Energy.Active.Import.Register"}, {"unit": "kW", "value": "5.21", "measurand": "Power.Active.Import"}, {"unit": "V", "value": "239.1", "measurand": "Voltage"}, {"unit": "A", "value": "12.58", "measurand": "Current.Import"}]}], "connectorId": 1, "transactionId": 905684}', '2025-12-20 19:31:46'),
	(308, 'STATION_ADVANCED_01', 'Call', 'MeterValues', '26eebb16-75a5-4bab-a528-10ea51482d8c', '{"meterValue": [{"timestamp": "2025-12-20T19:31:56.495Z", "sampledValue": [{"unit": "Wh", "value": "753", "measurand": "Energy.Active.Import.Register"}, {"unit": "kW", "value": "12.19", "measurand": "Power.Active.Import"}, {"unit": "V", "value": "236.1", "measurand": "Voltage"}, {"unit": "A", "value": "29.81", "measurand": "Current.Import"}]}], "connectorId": 1, "transactionId": 905684}', '2025-12-20 19:31:56'),
	(309, 'STATION_ADVANCED_01', 'Call', 'Heartbeat', '9a9f5717-0ad8-44cb-a444-2f4962186a14', '{}', '2025-12-20 19:31:59'),
	(310, 'STATION_ADVANCED_01', 'Call', 'MeterValues', '4e2740c7-23c3-4cca-8cf2-20dc5cf4ec3d', '{"meterValue": [{"timestamp": "2025-12-20T19:32:06.501Z", "sampledValue": [{"unit": "Wh", "value": "767", "measurand": "Energy.Active.Import.Register"}, {"unit": "kW", "value": "8.20", "measurand": "Power.Active.Import"}, {"unit": "V", "value": "227.5", "measurand": "Voltage"}, {"unit": "A", "value": "20.81", "measurand": "Current.Import"}]}], "connectorId": 1, "transactionId": 905684}', '2025-12-20 19:32:06'),
	(311, 'STATION_ADVANCED_01', 'Call', 'StatusNotification', '9270b624-9ac3-4a8e-ba1a-7086ad181fbd', '{"status": "Available", "errorCode": "NoError", "timestamp": "2025-12-20T19:32:14.113Z", "connectorId": 1}', '2025-12-20 19:32:14'),
	(312, 'STATION_ADVANCED_01', 'Call', 'StopTransaction', 'ffb10a7f-c2cd-45ae-9323-ccb636b19804', '{"reason": "Remote", "meterStop": 767, "timestamp": "2025-12-20T19:32:14.112Z", "transactionId": 905684}', '2025-12-20 19:32:14'),
	(313, 'STATION_ADVANCED_01', 'Call', 'Heartbeat', 'e6dde6ba-2a59-414e-abb5-49b8fbcad3d6', '{}', '2025-12-20 19:32:29'),
	(314, 'STATION_ADVANCED_01', 'Call', 'StatusNotification', 'fb6d3fc0-2ffe-487c-8d75-01dbb077ab1a', '{"status": "Available", "errorCode": "NoError", "timestamp": "2025-12-20T19:32:43.009Z", "connectorId": 1}', '2025-12-20 19:32:43'),
	(315, 'STATION_ADVANCED_01', 'Call', 'BootNotification', '7cfe7e8d-bb97-4497-bc5e-0220a24e48f0', '{"firmwareVersion": "2.0.0", "chargePointModel": "AT-1000", "chargePointVendor": "Advanced Tester", "chargePointSerialNumber": "SN-STATION_ADVANCED_01"}', '2025-12-20 19:39:58'),
	(316, 'STATION_ADVANCED_01', 'Call', 'StatusNotification', 'dcd63e75-0861-48ee-bbd2-bf019b2aa4f2', '{"status": "Available", "errorCode": "NoError", "timestamp": "2025-12-20T19:40:00.240Z", "connectorId": 1}', '2025-12-20 19:40:00'),
	(317, 'STATION_ADVANCED_01', 'Call', 'Authorize', '9e1a96fa-67f3-4821-a2e0-fbf3e43c8831', '{"idTag": "ADVANCED_TAG_001"}', '2025-12-20 19:40:01'),
	(318, 'STATION_ADVANCED_01', 'Call', 'StatusNotification', '1991d17d-6549-440d-8c1a-682909743dca', '{"status": "Preparing", "errorCode": "NoError", "timestamp": "2025-12-20T19:40:03.263Z", "connectorId": 1}', '2025-12-20 19:40:03'),
	(319, 'STATION_ADVANCED_01', 'Call', 'StartTransaction', '12f0a8b0-d05e-48fd-ad58-12202d2c80ad', '{"idTag": "ADVANCED_TAG_001", "timestamp": "2025-12-20T19:40:04.274Z", "meterStart": 1049, "connectorId": 1}', '2025-12-20 19:40:04'),
	(320, 'STATION_ADVANCED_01', 'Call', 'StatusNotification', 'c8665f45-37f7-478e-9294-ffe695a62b0d', '{"status": "Charging", "errorCode": "NoError", "timestamp": "2025-12-20T19:40:06.284Z", "connectorId": 1}', '2025-12-20 19:40:06'),
	(321, 'STATION_ADVANCED_01', 'Call', 'MeterValues', 'f7ab872b-914e-4aa4-9fd3-9b7dc9104287', '{"meterValue": [{"timestamp": "2025-12-20T19:40:14.298Z", "sampledValue": [{"unit": "Wh", "value": "1054", "measurand": "Energy.Active.Import.Register"}, {"unit": "kW", "value": "7.70", "measurand": "Power.Active.Import"}, {"unit": "V", "value": "221.8", "measurand": "Voltage"}, {"unit": "A", "value": "20.04", "measurand": "Current.Import"}]}], "connectorId": 1, "transactionId": 378332}', '2025-12-20 19:40:14'),
	(322, 'STATION_ADVANCED_01', 'Call', 'MeterValues', 'a4458a0d-5803-4ce9-b1a3-49270a22eca2', '{"meterValue": [{"timestamp": "2025-12-20T19:40:24.305Z", "sampledValue": [{"unit": "Wh", "value": "1064", "measurand": "Energy.Active.Import.Register"}, {"unit": "kW", "value": "13.74", "measurand": "Power.Active.Import"}, {"unit": "V", "value": "231.6", "measurand": "Voltage"}, {"unit": "A", "value": "34.25", "measurand": "Current.Import"}]}], "connectorId": 1, "transactionId": 378332}', '2025-12-20 19:40:24'),
	(323, 'STATION_ADVANCED_01', 'Call', 'Heartbeat', '46c22a19-459c-48f1-a271-4a009dc621f2', '{}', '2025-12-20 19:40:27'),
	(324, 'STATION_ADVANCED_01', 'Call', 'StatusNotification', '7b3ec11f-7a9c-4770-bda1-644e234df49a', '{"status": "Available", "errorCode": "NoError", "timestamp": "2025-12-20T19:40:30.112Z", "connectorId": 1}', '2025-12-20 19:40:30'),
	(325, 'STATION_ADVANCED_01', 'Call', 'StopTransaction', 'd34c5f68-7782-4f0a-ac63-2a150c92ac6f', '{"reason": "Remote", "meterStop": 1064, "timestamp": "2025-12-20T19:40:30.111Z", "transactionId": 378332}', '2025-12-20 19:40:30'),
	(326, 'STATION_ADVANCED_01', 'Call', 'Heartbeat', 'ffc751da-645d-4d69-8a91-713f148a082b', '{}', '2025-12-20 19:40:57'),
	(327, 'STATION_ADVANCED_01', 'Call', 'StatusNotification', 'd799f539-695e-4ef6-bfcd-a4a058b1570f', '{"status": "Available", "errorCode": "NoError", "timestamp": "2025-12-20T19:41:10.944Z", "connectorId": 1}', '2025-12-20 19:41:10'),
	(328, 'STATION_ADVANCED_01', 'Call', 'BootNotification', 'b74383f6-c171-4d91-930f-328b9b625b7d', '{"firmwareVersion": "2.0.0", "chargePointModel": "AT-1000", "chargePointVendor": "Advanced Tester", "chargePointSerialNumber": "SN-STATION_ADVANCED_01"}', '2025-12-21 11:36:36'),
	(329, 'STATION_ADVANCED_01', 'Call', 'StatusNotification', '63541266-29fd-4542-8c0a-dcb3cb115eb3', '{"status": "Available", "errorCode": "NoError", "timestamp": "2025-12-21T11:36:38.145Z", "connectorId": 1}', '2025-12-21 11:36:38'),
	(330, 'STATION_ADVANCED_01', 'Call', 'Authorize', 'fc43a14d-db20-47d8-967c-fe4600207095', '{"idTag": "ADVANCED_TAG_001"}', '2025-12-21 11:36:39'),
	(331, 'STATION_ADVANCED_01', 'Call', 'StatusNotification', 'f4d218bd-7e10-4b8a-800b-6b5727ae21ed', '{"status": "Preparing", "errorCode": "NoError", "timestamp": "2025-12-21T11:36:41.175Z", "connectorId": 1}', '2025-12-21 11:36:41'),
	(332, 'STATION_ADVANCED_01', 'Call', 'StartTransaction', '3fb4cf95-f8c7-4bd1-a767-28562959289d', '{"idTag": "ADVANCED_TAG_001", "timestamp": "2025-12-21T11:36:42.189Z", "meterStart": 869, "connectorId": 1}', '2025-12-21 11:36:42'),
	(333, 'STATION_ADVANCED_01', 'Call', 'StatusNotification', '22053e21-4bc8-4bed-b8e5-c21288db3761', '{"status": "Charging", "errorCode": "NoError", "timestamp": "2025-12-21T11:36:44.195Z", "connectorId": 1}', '2025-12-21 11:36:44'),
	(334, 'STATION_ADVANCED_01', 'Call', 'MeterValues', '1ffe7483-65f1-4905-b62e-d11e9ef7cdf6', '{"meterValue": [{"timestamp": "2025-12-21T11:36:52.216Z", "sampledValue": [{"unit": "Wh", "value": "882", "measurand": "Energy.Active.Import.Register"}, {"unit": "kW", "value": "12.62", "measurand": "Power.Active.Import"}, {"unit": "V", "value": "220.0", "measurand": "Voltage"}, {"unit": "A", "value": "33.12", "measurand": "Current.Import"}, {"unit": "Percent", "value": "20.5", "measurand": "SoC"}]}], "connectorId": 1, "transactionId": 280130}', '2025-12-21 11:36:52'),
	(335, 'STATION_ADVANCED_01', 'Call', 'MeterValues', '3da7229f-8fef-45d5-a2eb-8bad2dadbd62', '{"meterValue": [{"timestamp": "2025-12-21T11:37:02.231Z", "sampledValue": [{"unit": "Wh", "value": "891", "measurand": "Energy.Active.Import.Register"}, {"unit": "kW", "value": "8.84", "measurand": "Power.Active.Import"}, {"unit": "V", "value": "222.8", "measurand": "Voltage"}, {"unit": "A", "value": "22.91", "measurand": "Current.Import"}, {"unit": "Percent", "value": "20.9", "measurand": "SoC"}]}], "connectorId": 1, "transactionId": 280130}', '2025-12-21 11:37:02'),
	(336, 'STATION_ADVANCED_01', 'Call', 'Heartbeat', 'cbeeadf8-773e-44c3-98fe-cbcedecd957b', '{}', '2025-12-21 11:37:05'),
	(337, 'STATION_ADVANCED_01', 'Call', 'MeterValues', '3e7ff7ee-3361-4735-b884-f74de8ac3c7e', '{"meterValue": [{"timestamp": "2025-12-21T11:37:12.239Z", "sampledValue": [{"unit": "Wh", "value": "897", "measurand": "Energy.Active.Import.Register"}, {"unit": "kW", "value": "6.49", "measurand": "Power.Active.Import"}, {"unit": "V", "value": "228.1", "measurand": "Voltage"}, {"unit": "A", "value": "16.43", "measurand": "Current.Import"}, {"unit": "Percent", "value": "21.2", "measurand": "SoC"}]}], "connectorId": 1, "transactionId": 280130}', '2025-12-21 11:37:12'),
	(338, 'STATION_ADVANCED_01', 'Call', 'MeterValues', 'cb7f135c-7d0d-4410-b30a-09b91d672cb9', '{"meterValue": [{"timestamp": "2025-12-21T11:37:22.250Z", "sampledValue": [{"unit": "Wh", "value": "906", "measurand": "Energy.Active.Import.Register"}, {"unit": "kW", "value": "17.48", "measurand": "Power.Active.Import"}, {"unit": "V", "value": "235.4", "measurand": "Voltage"}, {"unit": "A", "value": "42.87", "measurand": "Current.Import"}, {"unit": "Percent", "value": "21.5", "measurand": "SoC"}]}], "connectorId": 1, "transactionId": 280130}', '2025-12-21 11:37:22'),
	(339, 'STATION_ADVANCED_01', 'Call', 'MeterValues', 'c58425fb-ecba-451e-83e1-1caf59a2112e', '{"meterValue": [{"timestamp": "2025-12-21T11:37:32.265Z", "sampledValue": [{"unit": "Wh", "value": "918", "measurand": "Energy.Active.Import.Register"}, {"unit": "kW", "value": "5.66", "measurand": "Power.Active.Import"}, {"unit": "V", "value": "230.1", "measurand": "Voltage"}, {"unit": "A", "value": "14.20", "measurand": "Current.Import"}, {"unit": "Percent", "value": "21.9", "measurand": "SoC"}]}], "connectorId": 1, "transactionId": 280130}', '2025-12-21 11:37:32'),
	(340, 'STATION_ADVANCED_01', 'Call', 'Heartbeat', '067e7dac-6a53-4db1-8536-be541c4fe58c', '{}', '2025-12-21 11:37:35'),
	(341, 'STATION_ADVANCED_01', 'Call', 'MeterValues', 'a0d341c0-7bff-4f5b-9ccb-104b5854ef32', '{"meterValue": [{"timestamp": "2025-12-21T11:37:42.276Z", "sampledValue": [{"unit": "Wh", "value": "928", "measurand": "Energy.Active.Import.Register"}, {"unit": "kW", "value": "23.27", "measurand": "Power.Active.Import"}, {"unit": "V", "value": "232.1", "measurand": "Voltage"}, {"unit": "A", "value": "57.88", "measurand": "Current.Import"}, {"unit": "Percent", "value": "22.2", "measurand": "SoC"}]}], "connectorId": 1, "transactionId": 280130}', '2025-12-21 11:37:42'),
	(342, 'STATION_ADVANCED_01', 'Call', 'StopTransaction', '29a0007f-131b-4299-855b-923cf5e57aa6', '{"reason": "Local", "meterStop": 928, "timestamp": "2025-12-21T11:37:46.759Z", "transactionId": 280130}', '2025-12-21 11:37:46'),
	(343, 'STATION_ADVANCED_01', 'Call', 'StatusNotification', '3d5e3e04-fb87-4f64-b569-1f5d234096b6', '{"status": "Available", "errorCode": "NoError", "timestamp": "2025-12-21T11:37:48.768Z", "connectorId": 1}', '2025-12-21 11:37:48'),
	(344, 'STATION_ADVANCED_01', 'Call', 'BootNotification', '0a51f67a-9576-4b6a-b24d-74aa80590237', '{"firmwareVersion": "2.0.0", "chargePointModel": "AT-1000", "chargePointVendor": "Advanced Tester", "chargePointSerialNumber": "SN-STATION_ADVANCED_01"}', '2025-12-21 11:44:05'),
	(345, 'STATION_ADVANCED_01', 'Call', 'StatusNotification', 'aa2f9b3b-d7b1-4b8e-b749-658b5678cf23', '{"status": "Available", "errorCode": "NoError", "timestamp": "2025-12-21T11:44:07.471Z", "connectorId": 1}', '2025-12-21 11:44:07'),
	(346, 'STATION_ADVANCED_01', 'Call', 'Authorize', '91ab4e73-8f8b-4bb8-8186-63d5a00699d4', '{"idTag": "ADVANCED_TAG_001"}', '2025-12-21 11:44:08'),
	(347, 'STATION_ADVANCED_01', 'Call', 'StatusNotification', '2e24b1a6-8a67-4ecd-9a78-a2521dd66589', '{"status": "Preparing", "errorCode": "NoError", "timestamp": "2025-12-21T11:44:10.495Z", "connectorId": 1}', '2025-12-21 11:44:10'),
	(348, 'STATION_ADVANCED_01', 'Call', 'StartTransaction', 'c765c8a0-68eb-4b80-a413-a970fb3d4e80', '{"idTag": "ADVANCED_TAG_001", "timestamp": "2025-12-21T11:44:11.507Z", "meterStart": 977, "connectorId": 1}', '2025-12-21 11:44:11'),
	(349, 'STATION_ADVANCED_01', 'Call', 'StatusNotification', '61eba3a9-6c4e-4aca-b0f9-a8c04c62c17e', '{"status": "Charging", "errorCode": "NoError", "timestamp": "2025-12-21T11:44:13.512Z", "connectorId": 1}', '2025-12-21 11:44:13'),
	(350, 'STATION_ADVANCED_01', 'Call', 'MeterValues', '929fb7db-a54b-4fdd-8b7e-8c461b5e4140', '{"meterValue": [{"timestamp": "2025-12-21T11:44:21.561Z", "sampledValue": [{"unit": "Wh", "value": "984", "measurand": "Energy.Active.Import.Register"}, {"unit": "kW", "value": "6.36", "measurand": "Power.Active.Import"}, {"unit": "V", "value": "221.9", "measurand": "Voltage"}, {"unit": "A", "value": "16.55", "measurand": "Current.Import"}, {"unit": "Percent", "value": "20.5", "measurand": "SoC"}]}], "connectorId": 1, "transactionId": 337244}', '2025-12-21 11:44:21'),
	(351, 'STATION_ADVANCED_01', 'Call', 'BootNotification', '21127b94-3689-461b-b09e-048fb0482284', '{"firmwareVersion": "2.0.0", "chargePointModel": "AT-1000", "chargePointVendor": "Advanced Tester", "chargePointSerialNumber": "SN-STATION_ADVANCED_01"}', '2025-12-21 11:44:38'),
	(352, 'STATION_ADVANCED_01', 'Call', 'StatusNotification', '16109f55-0f0c-484c-bffb-ee8426fb5e8a', '{"status": "Available", "errorCode": "NoError", "timestamp": "2025-12-21T11:44:40.534Z", "connectorId": 1}', '2025-12-21 11:44:40'),
	(353, 'STATION_ADVANCED_01', 'Call', 'Authorize', '870aab65-f9ab-41d7-9106-01f326dac381', '{"idTag": "ADVANCED_TAG_001"}', '2025-12-21 11:44:41'),
	(354, 'STATION_ADVANCED_01', 'Call', 'StatusNotification', '161729aa-5342-41b6-b321-cc939d3136da', '{"status": "Preparing", "errorCode": "NoError", "timestamp": "2025-12-21T11:44:43.553Z", "connectorId": 1}', '2025-12-21 11:44:43'),
	(355, 'STATION_ADVANCED_01', 'Call', 'StartTransaction', '550b97a8-a4fc-4abb-923a-92b9b89e338f', '{"idTag": "ADVANCED_TAG_001", "timestamp": "2025-12-21T11:44:44.565Z", "meterStart": 792, "connectorId": 1}', '2025-12-21 11:44:44'),
	(356, 'STATION_ADVANCED_01', 'Call', 'StatusNotification', 'aba31cc2-3475-4338-be5b-4440ef00af28', '{"status": "Charging", "errorCode": "NoError", "timestamp": "2025-12-21T11:44:46.582Z", "connectorId": 1}', '2025-12-21 11:44:46'),
	(357, 'STATION_ADVANCED_01', 'Call', 'MeterValues', 'ab3691a2-6202-4486-9f25-9519a15238b6', '{"meterValue": [{"timestamp": "2025-12-21T11:44:54.617Z", "sampledValue": [{"unit": "Wh", "value": "802", "measurand": "Energy.Active.Import.Register"}, {"unit": "kW", "value": "6.79", "measurand": "Power.Active.Import"}, {"unit": "V", "value": "237.6", "measurand": "Voltage"}, {"unit": "A", "value": "16.50", "measurand": "Current.Import"}, {"unit": "Percent", "value": "20.5", "measurand": "SoC"}]}], "connectorId": 1, "transactionId": 620121}', '2025-12-21 11:44:54'),
	(358, 'STATION_ADVANCED_01', 'Call', 'MeterValues', '9e93c22f-bd40-4048-b4ca-8d3c9d4eaf1d', '{"meterValue": [{"timestamp": "2025-12-21T11:45:04.624Z", "sampledValue": [{"unit": "Wh", "value": "813", "measurand": "Energy.Active.Import.Register"}, {"unit": "kW", "value": "10.48", "measurand": "Power.Active.Import"}, {"unit": "V", "value": "228.7", "measurand": "Voltage"}, {"unit": "A", "value": "26.46", "measurand": "Current.Import"}, {"unit": "Percent", "value": "20.9", "measurand": "SoC"}]}], "connectorId": 1, "transactionId": 620121}', '2025-12-21 11:45:04'),
	(359, 'STATION_ADVANCED_01', 'Call', 'Heartbeat', 'da3aebdc-b710-457f-aec8-d4ce16457b49', '{}', '2025-12-21 11:45:07'),
	(360, 'STATION_ADVANCED_01', 'Call', 'MeterValues', '0ca8735b-a7b3-443b-9ab1-194d714cb553', '{"meterValue": [{"timestamp": "2025-12-21T11:45:14.638Z", "sampledValue": [{"unit": "Wh", "value": "818", "measurand": "Energy.Active.Import.Register"}, {"unit": "kW", "value": "23.24", "measurand": "Power.Active.Import"}, {"unit": "V", "value": "230.4", "measurand": "Voltage"}, {"unit": "A", "value": "58.24", "measurand": "Current.Import"}, {"unit": "Percent", "value": "21.2", "measurand": "SoC"}]}], "connectorId": 1, "transactionId": 620121}', '2025-12-21 11:45:14'),
	(361, 'STATION_ADVANCED_01', 'Call', 'StatusNotification', '4e27b4b3-17ff-4b4e-b871-82f16d329417', '{"status": "Available", "errorCode": "NoError", "timestamp": "2025-12-21T11:45:22.883Z", "connectorId": 1}', '2025-12-21 11:45:22'),
	(362, 'STATION_ADVANCED_01', 'Call', 'StopTransaction', '8424a3dc-d03e-4471-b013-4a1779d61965', '{"reason": "Remote", "meterStop": 818, "timestamp": "2025-12-21T11:45:22.881Z", "transactionId": 620121}', '2025-12-21 11:45:22'),
	(363, 'STATION_ADVANCED_01', 'Call', 'Heartbeat', '8538737e-7822-4d5b-97f5-c8cc47315d82', '{}', '2025-12-21 11:45:37'),
	(364, 'STATION_ADVANCED_01', 'Call', 'StatusNotification', 'bbc3c854-e5cb-4778-8eb4-035ac0895244', '{"status": "Available", "errorCode": "NoError", "timestamp": "2025-12-21T11:45:51.183Z", "connectorId": 1}', '2025-12-21 11:45:51'),
	(365, 'STATION_ADVANCED_01', 'Call', 'BootNotification', '3b769fff-322e-485d-ac7e-95f5fd0ce08f', '{"firmwareVersion": "2.0.0", "chargePointModel": "AT-1000", "chargePointVendor": "Advanced Tester", "chargePointSerialNumber": "SN-STATION_ADVANCED_01"}', '2025-12-21 11:54:33'),
	(366, 'STATION_ADVANCED_01', 'Call', 'StatusNotification', '6545bd39-7510-4fdd-80b2-d5efb7c4438d', '{"status": "Available", "errorCode": "NoError", "timestamp": "2025-12-21T11:54:35.779Z", "connectorId": 1}', '2025-12-21 11:54:35'),
	(367, 'STATION_ADVANCED_01', 'Call', 'Authorize', 'a3316704-32ca-4095-aa99-31bbe1b0e5df', '{"idTag": "ADVANCED_TAG_001"}', '2025-12-21 11:54:36'),
	(368, 'STATION_ADVANCED_01', 'Call', 'StatusNotification', '762f24d8-a35b-44e4-8230-a9667579b691', '{"status": "Preparing", "errorCode": "NoError", "timestamp": "2025-12-21T11:54:38.809Z", "connectorId": 1}', '2025-12-21 11:54:38'),
	(369, 'STATION_ADVANCED_01', 'Call', 'StartTransaction', 'c9d8a013-00b3-4b17-8af8-f8316c490d52', '{"idTag": "ADVANCED_TAG_001", "timestamp": "2025-12-21T11:54:39.823Z", "meterStart": 1335, "connectorId": 1}', '2025-12-21 11:54:39'),
	(370, 'STATION_ADVANCED_01', 'Call', 'StatusNotification', 'b4c9a011-6c32-47c9-9a06-ec6d9cbb8e89', '{"status": "Charging", "errorCode": "NoError", "timestamp": "2025-12-21T11:54:41.831Z", "connectorId": 1}', '2025-12-21 11:54:41'),
	(371, 'STATION_ADVANCED_01', 'Call', 'MeterValues', '930635a5-da1e-4298-9c4b-a1c1bf759f33', '{"meterValue": [{"timestamp": "2025-12-21T11:54:49.855Z", "sampledValue": [{"unit": "Wh", "value": "1341", "measurand": "Energy.Active.Import.Register"}, {"unit": "kW", "value": "7.46", "measurand": "Power.Active.Import"}, {"unit": "V", "value": "239.4", "measurand": "Voltage"}, {"unit": "A", "value": "17.99", "measurand": "Current.Import"}, {"unit": "Percent", "value": "20.5", "measurand": "SoC"}]}], "connectorId": 1, "transactionId": 755232}', '2025-12-21 11:54:49'),
	(372, 'STATION_ADVANCED_01', 'Call', 'MeterValues', 'ba08046f-4e74-49d5-9f31-df726d299324', '{"meterValue": [{"timestamp": "2025-12-21T11:54:59.857Z", "sampledValue": [{"unit": "Wh", "value": "1346", "measurand": "Energy.Active.Import.Register"}, {"unit": "kW", "value": "17.81", "measurand": "Power.Active.Import"}, {"unit": "V", "value": "234.6", "measurand": "Voltage"}, {"unit": "A", "value": "43.83", "measurand": "Current.Import"}, {"unit": "Percent", "value": "20.9", "measurand": "SoC"}]}], "connectorId": 1, "transactionId": 755232}', '2025-12-21 11:54:59'),
	(373, 'STATION_ADVANCED_01', 'Call', 'Heartbeat', 'fed8a921-fe13-4b92-b44c-7f1bcd587f7b', '{}', '2025-12-21 11:55:02'),
	(374, 'STATION_ADVANCED_01', 'Call', 'MeterValues', '388e84b9-578e-47c6-82a0-b1a07f1ec2b7', '{"meterValue": [{"timestamp": "2025-12-21T11:55:09.862Z", "sampledValue": [{"unit": "Wh", "value": "1352", "measurand": "Energy.Active.Import.Register"}, {"unit": "kW", "value": "8.92", "measurand": "Power.Active.Import"}, {"unit": "V", "value": "221.7", "measurand": "Voltage"}, {"unit": "A", "value": "23.23", "measurand": "Current.Import"}, {"unit": "Percent", "value": "21.2", "measurand": "SoC"}]}], "connectorId": 1, "transactionId": 755232}', '2025-12-21 11:55:09'),
	(375, 'STATION_ADVANCED_01', 'Call', 'MeterValues', 'f1397906-9579-4c30-90ab-c9324bcf0c9b', '{"meterValue": [{"timestamp": "2025-12-21T11:55:19.868Z", "sampledValue": [{"unit": "Wh", "value": "1359", "measurand": "Energy.Active.Import.Register"}, {"unit": "kW", "value": "6.41", "measurand": "Power.Active.Import"}, {"unit": "V", "value": "232.8", "measurand": "Voltage"}, {"unit": "A", "value": "15.90", "measurand": "Current.Import"}, {"unit": "Percent", "value": "21.5", "measurand": "SoC"}]}], "connectorId": 1, "transactionId": 755232}', '2025-12-21 11:55:19'),
	(376, 'STATION_ADVANCED_01', 'Call', 'MeterValues', '4ee11465-3dea-4446-8aaa-36b53d2322fc', '{"meterValue": [{"timestamp": "2025-12-21T11:55:29.892Z", "sampledValue": [{"unit": "Wh", "value": "1366", "measurand": "Energy.Active.Import.Register"}, {"unit": "kW", "value": "14.24", "measurand": "Power.Active.Import"}, {"unit": "V", "value": "235.6", "measurand": "Voltage"}, {"unit": "A", "value": "34.90", "measurand": "Current.Import"}, {"unit": "Percent", "value": "21.9", "measurand": "SoC"}]}], "connectorId": 1, "transactionId": 755232}', '2025-12-21 11:55:29'),
	(377, 'STATION_ADVANCED_01', 'Call', 'Heartbeat', 'f6360a31-897b-4d38-8209-1c6b5d547441', '{}', '2025-12-21 11:55:32'),
	(378, 'STATION_ADVANCED_01', 'Call', 'MeterValues', 'eddd08e3-3399-4b28-b4d8-4a178178522d', '{"meterValue": [{"timestamp": "2025-12-21T11:55:39.893Z", "sampledValue": [{"unit": "Wh", "value": "1380", "measurand": "Energy.Active.Import.Register"}, {"unit": "kW", "value": "5.39", "measurand": "Power.Active.Import"}, {"unit": "V", "value": "232.2", "measurand": "Voltage"}, {"unit": "A", "value": "13.40", "measurand": "Current.Import"}, {"unit": "Percent", "value": "22.2", "measurand": "SoC"}]}], "connectorId": 1, "transactionId": 755232}', '2025-12-21 11:55:39'),
	(379, 'STATION_ADVANCED_01', 'Call', 'StopTransaction', '78a6a59a-8bb8-46d3-b12e-bc6fc6208a83', '{"reason": "Local", "meterStop": 1380, "timestamp": "2025-12-21T11:55:44.397Z", "transactionId": 755232}', '2025-12-21 11:55:44'),
	(380, 'STATION_ADVANCED_01', 'Call', 'StatusNotification', 'e46c0a09-a420-4ecd-a29b-29a040a76562', '{"status": "Available", "errorCode": "NoError", "timestamp": "2025-12-21T11:55:46.405Z", "connectorId": 1}', '2025-12-21 11:55:46'),
	(381, 'STATION_ADVANCED_01', 'Call', 'BootNotification', '3d93ac5a-040a-4448-8e34-3c5f38e1a718', '{"firmwareVersion": "2.0.0", "chargePointModel": "AT-1000", "chargePointVendor": "Advanced Tester", "chargePointSerialNumber": "SN-STATION_ADVANCED_01"}', '2025-12-21 11:56:06'),
	(382, 'STATION_ADVANCED_01', 'Call', 'StatusNotification', '95dc2bdc-2395-4861-bc9c-d3e43cfb66b7', '{"status": "Available", "errorCode": "NoError", "timestamp": "2025-12-21T11:56:08.413Z", "connectorId": 1}', '2025-12-21 11:56:08'),
	(383, 'STATION_ADVANCED_01', 'Call', 'Authorize', 'e41754f5-0c58-48a7-bc78-8358616a560c', '{"idTag": "ADVANCED_TAG_001"}', '2025-12-21 11:56:09'),
	(384, 'STATION_ADVANCED_01', 'Call', 'StatusNotification', '163a9490-9ce4-417c-8a23-095881132022', '{"status": "Preparing", "errorCode": "NoError", "timestamp": "2025-12-21T11:56:11.433Z", "connectorId": 1}', '2025-12-21 11:56:11'),
	(385, 'STATION_ADVANCED_01', 'Call', 'StartTransaction', '16dfa06a-7ea3-406b-a86d-5a1f5339faf3', '{"idTag": "ADVANCED_TAG_001", "timestamp": "2025-12-21T11:56:12.439Z", "meterStart": 826, "connectorId": 1}', '2025-12-21 11:56:12'),
	(386, 'STATION_ADVANCED_01', 'Call', 'StatusNotification', '6f835160-961b-4a78-b493-b293c0d2ab5b', '{"status": "Charging", "errorCode": "NoError", "timestamp": "2025-12-21T11:56:14.446Z", "connectorId": 1}', '2025-12-21 11:56:14'),
	(387, 'STATION_ADVANCED_01', 'Call', 'MeterValues', 'fcd80cb4-dad7-4a40-836d-318743b0c277', '{"meterValue": [{"timestamp": "2025-12-21T11:56:22.470Z", "sampledValue": [{"unit": "Wh", "value": "832", "measurand": "Energy.Active.Import.Register"}, {"unit": "kW", "value": "19.50", "measurand": "Power.Active.Import"}, {"unit": "V", "value": "238.2", "measurand": "Voltage"}, {"unit": "A", "value": "47.26", "measurand": "Current.Import"}, {"unit": "Percent", "value": "20.5", "measurand": "SoC"}]}], "connectorId": 1, "transactionId": 501927}', '2025-12-21 11:56:22'),
	(388, 'STATION_ADVANCED_01', 'Call', 'MeterValues', '65db1eae-9bb5-4c76-bc05-6f40c517347e', '{"meterValue": [{"timestamp": "2025-12-21T11:56:32.479Z", "sampledValue": [{"unit": "Wh", "value": "843", "measurand": "Energy.Active.Import.Register"}, {"unit": "kW", "value": "14.10", "measurand": "Power.Active.Import"}, {"unit": "V", "value": "222.2", "measurand": "Voltage"}, {"unit": "A", "value": "36.64", "measurand": "Current.Import"}, {"unit": "Percent", "value": "20.9", "measurand": "SoC"}]}], "connectorId": 1, "transactionId": 501927}', '2025-12-21 11:56:32'),
	(389, 'STATION_ADVANCED_01', 'Call', 'Heartbeat', '0f737451-af8e-4f53-b856-0fcc92084603', '{}', '2025-12-21 11:56:35'),
	(390, 'STATION_ADVANCED_01', 'Call', 'MeterValues', '22264b83-8e0c-4aba-8bd7-c3e43f63b4c1', '{"meterValue": [{"timestamp": "2025-12-21T11:56:42.491Z", "sampledValue": [{"unit": "Wh", "value": "851", "measurand": "Energy.Active.Import.Register"}, {"unit": "kW", "value": "6.42", "measurand": "Power.Active.Import"}, {"unit": "V", "value": "238.6", "measurand": "Voltage"}, {"unit": "A", "value": "15.53", "measurand": "Current.Import"}, {"unit": "Percent", "value": "21.2", "measurand": "SoC"}]}], "connectorId": 1, "transactionId": 501927}', '2025-12-21 11:56:42'),
	(391, 'STATION_ADVANCED_01', 'Call', 'MeterValues', 'b025590f-c44a-4832-9ab0-189e28b77803', '{"meterValue": [{"timestamp": "2025-12-21T11:56:52.502Z", "sampledValue": [{"unit": "Wh", "value": "858", "measurand": "Energy.Active.Import.Register"}, {"unit": "kW", "value": "7.90", "measurand": "Power.Active.Import"}, {"unit": "V", "value": "231.0", "measurand": "Voltage"}, {"unit": "A", "value": "19.74", "measurand": "Current.Import"}, {"unit": "Percent", "value": "21.5", "measurand": "SoC"}]}], "connectorId": 1, "transactionId": 501927}', '2025-12-21 11:56:52'),
	(392, 'STATION_ADVANCED_01', 'Call', 'MeterValues', 'bbdd3f7e-a02a-497c-acc7-9ed286137c97', '{"meterValue": [{"timestamp": "2025-12-21T11:57:02.501Z", "sampledValue": [{"unit": "Wh", "value": "866", "measurand": "Energy.Active.Import.Register"}, {"unit": "kW", "value": "9.45", "measurand": "Power.Active.Import"}, {"unit": "V", "value": "237.8", "measurand": "Voltage"}, {"unit": "A", "value": "22.94", "measurand": "Current.Import"}, {"unit": "Percent", "value": "21.9", "measurand": "SoC"}]}], "connectorId": 1, "transactionId": 501927}', '2025-12-21 11:57:02'),
	(393, 'STATION_ADVANCED_01', 'Call', 'Heartbeat', '6a7be409-5aea-4b1f-b42c-ce6769438e9f', '{}', '2025-12-21 11:57:05'),
	(394, 'STATION_ADVANCED_01', 'Call', 'MeterValues', '0d60ca07-9ad2-4ec7-b21b-15299cbbe4a5', '{"meterValue": [{"timestamp": "2025-12-21T11:57:12.511Z", "sampledValue": [{"unit": "Wh", "value": "878", "measurand": "Energy.Active.Import.Register"}, {"unit": "kW", "value": "18.33", "measurand": "Power.Active.Import"}, {"unit": "V", "value": "226.5", "measurand": "Voltage"}, {"unit": "A", "value": "46.72", "measurand": "Current.Import"}, {"unit": "Percent", "value": "22.2", "measurand": "SoC"}]}], "connectorId": 1, "transactionId": 501927}', '2025-12-21 11:57:12'),
	(395, 'STATION_ADVANCED_01', 'Call', 'StopTransaction', 'd9aedf47-4282-4f21-bfe1-38ae1e566b3c', '{"reason": "Local", "meterStop": 878, "timestamp": "2025-12-21T11:57:16.963Z", "transactionId": 501927}', '2025-12-21 11:57:16'),
	(396, 'STATION_ADVANCED_01', 'Call', 'StatusNotification', '69997a8c-63f2-4cac-a1a0-b0076c8b6093', '{"status": "Available", "errorCode": "NoError", "timestamp": "2025-12-21T11:57:18.968Z", "connectorId": 1}', '2025-12-21 11:57:18'),
	(397, 'STATION_ADVANCED_01', 'Call', 'BootNotification', '316e97e3-eace-4521-b9c6-0751f98ff967', '{"firmwareVersion": "2.0.0", "chargePointModel": "AT-1000", "chargePointVendor": "Advanced Tester", "chargePointSerialNumber": "SN-STATION_ADVANCED_01"}', '2026-01-01 18:16:28'),
	(398, 'STATION_ADVANCED_01', 'Call', 'StatusNotification', 'e1c442b9-c6dc-4f20-ade4-460b91f821b9', '{"status": "Available", "errorCode": "NoError", "timestamp": "2026-01-01T18:16:30.169Z", "connectorId": 1}', '2026-01-01 18:16:30'),
	(399, 'STATION_ADVANCED_01', 'Call', 'Authorize', '874463c0-c0b1-4771-896c-fe759ee317d3', '{"idTag": "ADVANCED_TAG_001"}', '2026-01-01 18:16:31'),
	(400, 'STATION_ADVANCED_01', 'Call', 'StatusNotification', 'c222ff14-ca81-4548-a276-efcdbbcb5966', '{"status": "Preparing", "errorCode": "NoError", "timestamp": "2026-01-01T18:16:33.183Z", "connectorId": 1}', '2026-01-01 18:16:33'),
	(401, 'STATION_ADVANCED_01', 'Call', 'StartTransaction', '058bc2ff-cd31-411e-96de-957922cefade', '{"idTag": "ADVANCED_TAG_001", "timestamp": "2026-01-01T18:16:34.185Z", "meterStart": 799, "connectorId": 1}', '2026-01-01 18:16:34'),
	(402, 'STATION_ADVANCED_01', 'Call', 'StatusNotification', 'a488f511-3914-457b-a261-01e78560e49a', '{"status": "Charging", "errorCode": "NoError", "timestamp": "2026-01-01T18:16:36.200Z", "connectorId": 1}', '2026-01-01 18:16:36'),
	(403, 'STATION_ADVANCED_01', 'Call', 'MeterValues', 'b5bca622-8b31-470a-8243-611de5209d81', '{"meterValue": [{"timestamp": "2026-01-01T18:16:44.251Z", "sampledValue": [{"unit": "Wh", "value": "806", "measurand": "Energy.Active.Import.Register"}, {"unit": "kW", "value": "10.25", "measurand": "Power.Active.Import"}, {"unit": "V", "value": "227.4", "measurand": "Voltage"}, {"unit": "A", "value": "26.02", "measurand": "Current.Import"}, {"unit": "Percent", "value": "20.5", "measurand": "SoC"}]}], "connectorId": 1, "transactionId": 892833}', '2026-01-01 18:16:44'),
	(404, 'STATION_ADVANCED_01', 'Call', 'MeterValues', 'ecdb30b4-e912-43e4-8ca9-9502f8919720', '{"meterValue": [{"timestamp": "2026-01-01T18:16:54.251Z", "sampledValue": [{"unit": "Wh", "value": "815", "measurand": "Energy.Active.Import.Register"}, {"unit": "kW", "value": "8.80", "measurand": "Power.Active.Import"}, {"unit": "V", "value": "235.5", "measurand": "Voltage"}, {"unit": "A", "value": "21.57", "measurand": "Current.Import"}, {"unit": "Percent", "value": "20.9", "measurand": "SoC"}]}], "connectorId": 1, "transactionId": 892833}', '2026-01-01 18:16:54'),
	(405, 'STATION_ADVANCED_01', 'Call', 'Heartbeat', '85d09b88-f91e-44fb-ac9d-54c1b8677241', '{}', '2026-01-01 18:16:57'),
	(406, 'STATION_ADVANCED_01', 'Call', 'MeterValues', 'ba6ba71c-cc81-4b33-8ea9-f0221f425b51', '{"meterValue": [{"timestamp": "2026-01-01T18:17:04.253Z", "sampledValue": [{"unit": "Wh", "value": "829", "measurand": "Energy.Active.Import.Register"}, {"unit": "kW", "value": "9.02", "measurand": "Power.Active.Import"}, {"unit": "V", "value": "223.8", "measurand": "Voltage"}, {"unit": "A", "value": "23.27", "measurand": "Current.Import"}, {"unit": "Percent", "value": "21.2", "measurand": "SoC"}]}], "connectorId": 1, "transactionId": 892833}', '2026-01-01 18:17:04'),
	(407, 'STATION_ADVANCED_01', 'Call', 'MeterValues', '78dcc8eb-5fb8-4131-b72f-925e31e9f489', '{"meterValue": [{"timestamp": "2026-01-01T18:17:14.253Z", "sampledValue": [{"unit": "Wh", "value": "842", "measurand": "Energy.Active.Import.Register"}, {"unit": "kW", "value": "16.35", "measurand": "Power.Active.Import"}, {"unit": "V", "value": "232.2", "measurand": "Voltage"}, {"unit": "A", "value": "40.65", "measurand": "Current.Import"}, {"unit": "Percent", "value": "21.5", "measurand": "SoC"}]}], "connectorId": 1, "transactionId": 892833}', '2026-01-01 18:17:14'),
	(408, 'STATION_ADVANCED_01', 'Call', 'MeterValues', '655383ac-d1ad-476d-ac8c-b1bc437f13d5', '{"meterValue": [{"timestamp": "2026-01-01T18:17:24.257Z", "sampledValue": [{"unit": "Wh", "value": "848", "measurand": "Energy.Active.Import.Register"}, {"unit": "kW", "value": "7.57", "measurand": "Power.Active.Import"}, {"unit": "V", "value": "234.6", "measurand": "Voltage"}, {"unit": "A", "value": "18.63", "measurand": "Current.Import"}, {"unit": "Percent", "value": "21.9", "measurand": "SoC"}]}], "connectorId": 1, "transactionId": 892833}', '2026-01-01 18:17:24'),
	(409, 'STATION_ADVANCED_01', 'Call', 'Heartbeat', '43e8965b-c062-4f8c-99b3-5b7a87ff6c0a', '{}', '2026-01-01 18:17:27'),
	(410, 'STATION_ADVANCED_01', 'Call', 'MeterValues', 'a712d739-4f3b-4895-afa2-41b93e0b51bd', '{"meterValue": [{"timestamp": "2026-01-01T18:17:34.258Z", "sampledValue": [{"unit": "Wh", "value": "861", "measurand": "Energy.Active.Import.Register"}, {"unit": "kW", "value": "20.75", "measurand": "Power.Active.Import"}, {"unit": "V", "value": "229.4", "measurand": "Voltage"}, {"unit": "A", "value": "52.22", "measurand": "Current.Import"}, {"unit": "Percent", "value": "22.2", "measurand": "SoC"}]}], "connectorId": 1, "transactionId": 892833}', '2026-01-01 18:17:34'),
	(411, 'STATION_ADVANCED_01', 'Call', 'StopTransaction', '398986df-eb24-4d01-99e2-b85adf5a8e6e', '{"reason": "Local", "meterStop": 861, "timestamp": "2026-01-01T18:17:38.516Z", "transactionId": 892833}', '2026-01-01 18:17:38'),
	(412, 'STATION_ADVANCED_01', 'Call', 'StatusNotification', '3b282334-222c-42e8-898f-acd5f64af4d2', '{"status": "Available", "errorCode": "NoError", "timestamp": "2026-01-01T18:17:40.525Z", "connectorId": 1}', '2026-01-01 18:17:40'),
	(413, 'STATION_ADVANCED_01', 'Call', 'BootNotification', '0e1df31d-9a69-411b-96df-b2f63ce3e104', '{"firmwareVersion": "2.0.0", "chargePointModel": "AT-1000", "chargePointVendor": "Advanced Tester", "chargePointSerialNumber": "SN-STATION_ADVANCED_01"}', '2026-01-01 18:18:12'),
	(414, 'STATION_ADVANCED_01', 'Call', 'StatusNotification', 'e863a8eb-afff-4ab3-9331-76f843ccaf20', '{"status": "Available", "errorCode": "NoError", "timestamp": "2026-01-01T18:18:14.703Z", "connectorId": 1}', '2026-01-01 18:18:14'),
	(415, 'STATION_ADVANCED_01', 'Call', 'Authorize', '36d6e80e-9731-4c45-a687-4fab3c8bdfb0', '{"idTag": "ADVANCED_TAG_001"}', '2026-01-01 18:18:15'),
	(416, 'STATION_ADVANCED_01', 'Call', 'StatusNotification', 'fe1de431-a476-4881-84be-7c3e1d8dd1b7', '{"status": "Preparing", "errorCode": "NoError", "timestamp": "2026-01-01T18:18:17.719Z", "connectorId": 1}', '2026-01-01 18:18:17'),
	(417, 'STATION_ADVANCED_01', 'Call', 'StartTransaction', '771f431b-2bff-4210-96d8-7dce312a9981', '{"idTag": "ADVANCED_TAG_001", "timestamp": "2026-01-01T18:18:18.726Z", "meterStart": 1055, "connectorId": 1}', '2026-01-01 18:18:18'),
	(418, 'STATION_ADVANCED_01', 'Call', 'StatusNotification', '56c3d151-2063-4315-af0b-7ff79ef6eab1', '{"status": "Charging", "errorCode": "NoError", "timestamp": "2026-01-01T18:18:20.735Z", "connectorId": 1}', '2026-01-01 18:18:20'),
	(419, 'STATION_ADVANCED_01', 'Call', 'MeterValues', 'ecc1b8cf-15d5-4d54-a695-a08770e13834', '{"meterValue": [{"timestamp": "2026-01-01T18:18:28.752Z", "sampledValue": [{"unit": "Wh", "value": "1065", "measurand": "Energy.Active.Import.Register"}, {"unit": "kW", "value": "15.71", "measurand": "Power.Active.Import"}, {"unit": "V", "value": "233.9", "measurand": "Voltage"}, {"unit": "A", "value": "38.78", "measurand": "Current.Import"}, {"unit": "Percent", "value": "20.5", "measurand": "SoC"}]}], "connectorId": 1, "transactionId": 561557}', '2026-01-01 18:18:28'),
	(420, 'STATION_ADVANCED_01', 'Call', 'MeterValues', 'a1d4e679-33fe-4094-a3c8-6ef16d27f304', '{"meterValue": [{"timestamp": "2026-01-01T18:18:38.761Z", "sampledValue": [{"unit": "Wh", "value": "1071", "measurand": "Energy.Active.Import.Register"}, {"unit": "kW", "value": "21.73", "measurand": "Power.Active.Import"}, {"unit": "V", "value": "234.1", "measurand": "Voltage"}, {"unit": "A", "value": "53.59", "measurand": "Current.Import"}, {"unit": "Percent", "value": "20.9", "measurand": "SoC"}]}], "connectorId": 1, "transactionId": 561557}', '2026-01-01 18:18:38'),
	(421, 'STATION_ADVANCED_01', 'Call', 'Heartbeat', 'cad5c651-9355-4178-accf-567a717eb3c8', '{}', '2026-01-01 18:18:41'),
	(422, 'STATION_ADVANCED_01', 'Call', 'MeterValues', '5d0be2ba-5935-4dd8-869e-83ddf66f789c', '{"meterValue": [{"timestamp": "2026-01-01T18:18:48.766Z", "sampledValue": [{"unit": "Wh", "value": "1082", "measurand": "Energy.Active.Import.Register"}, {"unit": "kW", "value": "13.17", "measurand": "Power.Active.Import"}, {"unit": "V", "value": "222.3", "measurand": "Voltage"}, {"unit": "A", "value": "34.20", "measurand": "Current.Import"}, {"unit": "Percent", "value": "21.2", "measurand": "SoC"}]}], "connectorId": 1, "transactionId": 561557}', '2026-01-01 18:18:48'),
	(423, 'STATION_ADVANCED_01', 'Call', 'MeterValues', 'd2ffd608-e676-49d3-877b-a1b8a2e8a125', '{"meterValue": [{"timestamp": "2026-01-01T18:18:58.768Z", "sampledValue": [{"unit": "Wh", "value": "1088", "measurand": "Energy.Active.Import.Register"}, {"unit": "kW", "value": "13.50", "measurand": "Power.Active.Import"}, {"unit": "V", "value": "223.7", "measurand": "Voltage"}, {"unit": "A", "value": "34.84", "measurand": "Current.Import"}, {"unit": "Percent", "value": "21.5", "measurand": "SoC"}]}], "connectorId": 1, "transactionId": 561557}', '2026-01-01 18:18:58'),
	(424, 'STATION_ADVANCED_01', 'Call', 'MeterValues', '2c9fd151-e78c-4d8d-b54e-20fb353d1005', '{"meterValue": [{"timestamp": "2026-01-01T18:19:08.771Z", "sampledValue": [{"unit": "Wh", "value": "1099", "measurand": "Energy.Active.Import.Register"}, {"unit": "kW", "value": "7.83", "measurand": "Power.Active.Import"}, {"unit": "V", "value": "222.5", "measurand": "Voltage"}, {"unit": "A", "value": "20.32", "measurand": "Current.Import"}, {"unit": "Percent", "value": "21.9", "measurand": "SoC"}]}], "connectorId": 1, "transactionId": 561557}', '2026-01-01 18:19:08'),
	(425, 'STATION_ADVANCED_01', 'Call', 'Heartbeat', 'a1704e2f-1e1a-48f6-bb72-6bbd946e22ba', '{}', '2026-01-01 18:19:11'),
	(426, 'STATION_ADVANCED_01', 'Call', 'MeterValues', '640debb5-a5fc-4e61-bfd5-f50a64a95d58', '{"meterValue": [{"timestamp": "2026-01-01T18:19:18.776Z", "sampledValue": [{"unit": "Wh", "value": "1108", "measurand": "Energy.Active.Import.Register"}, {"unit": "kW", "value": "6.53", "measurand": "Power.Active.Import"}, {"unit": "V", "value": "240.0", "measurand": "Voltage"}, {"unit": "A", "value": "15.71", "measurand": "Current.Import"}, {"unit": "Percent", "value": "22.2", "measurand": "SoC"}]}], "connectorId": 1, "transactionId": 561557}', '2026-01-01 18:19:18'),
	(427, 'STATION_ADVANCED_01', 'Call', 'StopTransaction', '14077810-99f4-4822-9221-d29a50f34b05', '{"reason": "Local", "meterStop": 1108, "timestamp": "2026-01-01T18:19:23.130Z", "transactionId": 561557}', '2026-01-01 18:19:23'),
	(428, 'STATION_ADVANCED_01', 'Call', 'StatusNotification', '2d642b07-594b-48d8-9001-aec50f67a1af', '{"status": "Available", "errorCode": "NoError", "timestamp": "2026-01-01T18:19:25.135Z", "connectorId": 1}', '2026-01-01 18:19:25'),
	(429, 'STATION_ADVANCED_01', 'Call', 'BootNotification', 'd6652afa-a0a1-4760-9050-eaf9a5ce517e', '{"firmwareVersion": "2.0.0", "chargePointModel": "AT-1000", "chargePointVendor": "Advanced Tester", "chargePointSerialNumber": "SN-STATION_ADVANCED_01"}', '2026-01-01 18:22:50'),
	(430, 'STATION_ADVANCED_01', 'Call', 'StatusNotification', '76db7bb0-6643-4fce-992f-40bdaf1b8857', '{"status": "Available", "errorCode": "NoError", "timestamp": "2026-01-01T18:22:52.043Z", "connectorId": 1}', '2026-01-01 18:22:52'),
	(431, 'STATION_ADVANCED_01', 'Call', 'Authorize', '7d5beb5d-7290-4d5a-bfba-d56f2dd5bd4b', '{"idTag": "ADVANCED_TAG_001"}', '2026-01-01 18:22:53'),
	(432, 'STATION_ADVANCED_01', 'Call', 'StatusNotification', '39134370-542f-4d21-a447-6359da827d4d', '{"status": "Preparing", "errorCode": "NoError", "timestamp": "2026-01-01T18:22:55.057Z", "connectorId": 1}', '2026-01-01 18:22:55'),
	(433, 'STATION_ADVANCED_01', 'Call', 'StartTransaction', 'ecb90032-66f7-45ed-a353-e6ebaf0f41bd', '{"idTag": "ADVANCED_TAG_001", "timestamp": "2026-01-01T18:22:56.071Z", "meterStart": 890, "connectorId": 1}', '2026-01-01 18:22:56'),
	(434, 'STATION_ADVANCED_01', 'Call', 'StatusNotification', 'e04d79f5-3113-4d3f-be27-e7d05ee248c1', '{"status": "Charging", "errorCode": "NoError", "timestamp": "2026-01-01T18:22:58.079Z", "connectorId": 1}', '2026-01-01 18:22:58'),
	(435, 'STATION_ADVANCED_01', 'Call', 'MeterValues', 'cdfaa759-aa4c-4b11-b028-09b8d135db5b', '{"meterValue": [{"timestamp": "2026-01-01T18:23:06.137Z", "sampledValue": [{"unit": "Wh", "value": "899", "measurand": "Energy.Active.Import.Register"}, {"unit": "kW", "value": "14.35", "measurand": "Power.Active.Import"}, {"unit": "V", "value": "232.7", "measurand": "Voltage"}, {"unit": "A", "value": "35.60", "measurand": "Current.Import"}, {"unit": "Percent", "value": "20.5", "measurand": "SoC"}]}], "connectorId": 1, "transactionId": 603166}', '2026-01-01 18:23:06'),
	(436, 'STATION_ADVANCED_01', 'Call', 'MeterValues', '17589e64-d5c8-4423-9ec8-216f1d37b893', '{"meterValue": [{"timestamp": "2026-01-01T18:23:16.137Z", "sampledValue": [{"unit": "Wh", "value": "905", "measurand": "Energy.Active.Import.Register"}, {"unit": "kW", "value": "6.82", "measurand": "Power.Active.Import"}, {"unit": "V", "value": "239.7", "measurand": "Voltage"}, {"unit": "A", "value": "16.43", "measurand": "Current.Import"}, {"unit": "Percent", "value": "20.9", "measurand": "SoC"}]}], "connectorId": 1, "transactionId": 603166}', '2026-01-01 18:23:16'),
	(437, 'STATION_ADVANCED_01', 'Call', 'Heartbeat', '3953ac19-bcfc-44c9-9266-a8553e55f37b', '{}', '2026-01-01 18:23:19'),
	(438, 'STATION_ADVANCED_01', 'Call', 'MeterValues', '1788d061-0cb3-4ff4-b0c4-85ba3f4c0944', '{"meterValue": [{"timestamp": "2026-01-01T18:23:26.143Z", "sampledValue": [{"unit": "Wh", "value": "912", "measurand": "Energy.Active.Import.Register"}, {"unit": "kW", "value": "19.64", "measurand": "Power.Active.Import"}, {"unit": "V", "value": "229.6", "measurand": "Voltage"}, {"unit": "A", "value": "49.39", "measurand": "Current.Import"}, {"unit": "Percent", "value": "21.2", "measurand": "SoC"}]}], "connectorId": 1, "transactionId": 603166}', '2026-01-01 18:23:26'),
	(439, 'STATION_ADVANCED_01', 'Call', 'StatusNotification', '71c53283-62d0-4d19-9fe4-c3b63677afac', '{"status": "Available", "errorCode": "NoError", "timestamp": "2026-01-01T18:23:30.823Z", "connectorId": 1}', '2026-01-01 18:23:30'),
	(440, 'STATION_ADVANCED_01', 'Call', 'StopTransaction', '89c7e795-61b2-48d4-97a4-32d4cd53f350', '{"reason": "Remote", "meterStop": 912, "timestamp": "2026-01-01T18:23:30.822Z", "transactionId": 603166}', '2026-01-01 18:23:30'),
	(441, 'STATION_ADVANCED_01', 'Call', 'BootNotification', 'e52a9f76-2790-4de5-bfb0-24bb89968cc3', '{"firmwareVersion": "2.0.0", "chargePointModel": "AT-1000", "chargePointVendor": "Advanced Tester", "chargePointSerialNumber": "SN-STATION_ADVANCED_01"}', '2026-01-01 18:25:09'),
	(442, 'STATION_ADVANCED_01', 'Call', 'StatusNotification', 'e56a9a44-e3f9-4863-a2e1-e79a466d2426', '{"status": "Available", "errorCode": "NoError", "timestamp": "2026-01-01T18:25:11.789Z", "connectorId": 1}', '2026-01-01 18:25:11'),
	(443, 'STATION_ADVANCED_01', 'Call', 'Authorize', 'b6fa189b-6c32-4463-840f-d6dc65a954bd', '{"idTag": "ADVANCED_TAG_001"}', '2026-01-01 18:25:12'),
	(444, 'STATION_ADVANCED_01', 'Call', 'StatusNotification', 'ed070861-47e0-44a4-b02b-7211ef1c42d1', '{"status": "Preparing", "errorCode": "NoError", "timestamp": "2026-01-01T18:25:14.816Z", "connectorId": 1}', '2026-01-01 18:25:14'),
	(445, 'STATION_ADVANCED_01', 'Call', 'StartTransaction', '4333a577-5b7b-488e-b106-915291bd0b60', '{"idTag": "ADVANCED_TAG_001", "timestamp": "2026-01-01T18:25:15.819Z", "meterStart": 1121, "connectorId": 1}', '2026-01-01 18:25:15'),
	(446, 'STATION_ADVANCED_01', 'Call', 'StatusNotification', '90cdf9a9-26c8-447b-aaa5-ec713f8db43e', '{"status": "Charging", "errorCode": "NoError", "timestamp": "2026-01-01T18:25:17.824Z", "connectorId": 1}', '2026-01-01 18:25:17'),
	(447, 'STATION_ADVANCED_01', 'Call', 'MeterValues', 'fe867563-113b-4e6c-99ee-3f4d694840bd', '{"meterValue": [{"timestamp": "2026-01-01T18:25:25.853Z", "sampledValue": [{"unit": "Wh", "value": "1128", "measurand": "Energy.Active.Import.Register"}, {"unit": "kW", "value": "23.40", "measurand": "Power.Active.Import"}, {"unit": "V", "value": "227.0", "measurand": "Voltage"}, {"unit": "A", "value": "59.52", "measurand": "Current.Import"}, {"unit": "Percent", "value": "20.5", "measurand": "SoC"}]}], "connectorId": 1, "transactionId": 129898}', '2026-01-01 18:25:25'),
	(448, 'STATION_ADVANCED_01', 'Call', 'MeterValues', '6055cea6-4100-48cd-a9bf-7a45a92cb674', '{"meterValue": [{"timestamp": "2026-01-01T18:25:35.854Z", "sampledValue": [{"unit": "Wh", "value": "1139", "measurand": "Energy.Active.Import.Register"}, {"unit": "kW", "value": "15.03", "measurand": "Power.Active.Import"}, {"unit": "V", "value": "231.7", "measurand": "Voltage"}, {"unit": "A", "value": "37.45", "measurand": "Current.Import"}, {"unit": "Percent", "value": "20.9", "measurand": "SoC"}]}], "connectorId": 1, "transactionId": 129898}', '2026-01-01 18:25:35'),
	(449, 'STATION_ADVANCED_01', 'Call', 'Heartbeat', '78f5db5e-e19a-44b3-82d1-eca916dd497e', '{}', '2026-01-01 18:25:38'),
	(450, 'STATION_ADVANCED_01', 'Call', 'MeterValues', '9cf1f694-bfd9-452b-ac8d-289d154d25a8', '{"meterValue": [{"timestamp": "2026-01-01T18:25:45.856Z", "sampledValue": [{"unit": "Wh", "value": "1152", "measurand": "Energy.Active.Import.Register"}, {"unit": "kW", "value": "22.59", "measurand": "Power.Active.Import"}, {"unit": "V", "value": "234.3", "measurand": "Voltage"}, {"unit": "A", "value": "55.67", "measurand": "Current.Import"}, {"unit": "Percent", "value": "21.2", "measurand": "SoC"}]}], "connectorId": 1, "transactionId": 129898}', '2026-01-01 18:25:45'),
	(451, 'STATION_ADVANCED_01', 'Call', 'MeterValues', '3d24b6fd-0bc9-4597-a711-636d6325faed', '{"meterValue": [{"timestamp": "2026-01-01T18:25:55.872Z", "sampledValue": [{"unit": "Wh", "value": "1159", "measurand": "Energy.Active.Import.Register"}, {"unit": "kW", "value": "11.22", "measurand": "Power.Active.Import"}, {"unit": "V", "value": "230.7", "measurand": "Voltage"}, {"unit": "A", "value": "28.08", "measurand": "Current.Import"}, {"unit": "Percent", "value": "21.5", "measurand": "SoC"}]}], "connectorId": 1, "transactionId": 129898}', '2026-01-01 18:25:55'),
	(452, 'STATION_ADVANCED_01', 'Call', 'MeterValues', '896da084-1b69-44b1-b342-378a41e87579', '{"meterValue": [{"timestamp": "2026-01-01T18:26:05.873Z", "sampledValue": [{"unit": "Wh", "value": "1166", "measurand": "Energy.Active.Import.Register"}, {"unit": "kW", "value": "14.84", "measurand": "Power.Active.Import"}, {"unit": "V", "value": "236.8", "measurand": "Voltage"}, {"unit": "A", "value": "36.18", "measurand": "Current.Import"}, {"unit": "Percent", "value": "21.9", "measurand": "SoC"}]}], "connectorId": 1, "transactionId": 129898}', '2026-01-01 18:26:05'),
	(453, 'STATION_ADVANCED_01', 'Call', 'Heartbeat', 'f6ff4080-15b9-4e88-b12c-84a11f36534e', '{}', '2026-01-01 18:26:08'),
	(454, 'STATION_ADVANCED_01', 'Call', 'MeterValues', '1728af5c-d306-4326-b33c-ed5d37bc4f66', '{"meterValue": [{"timestamp": "2026-01-01T18:26:15.875Z", "sampledValue": [{"unit": "Wh", "value": "1175", "measurand": "Energy.Active.Import.Register"}, {"unit": "kW", "value": "8.71", "measurand": "Power.Active.Import"}, {"unit": "V", "value": "238.7", "measurand": "Voltage"}, {"unit": "A", "value": "21.07", "measurand": "Current.Import"}, {"unit": "Percent", "value": "22.2", "measurand": "SoC"}]}], "connectorId": 1, "transactionId": 129898}', '2026-01-01 18:26:15'),
	(455, 'STATION_ADVANCED_01', 'Call', 'StopTransaction', 'f9ef2409-4f8c-4df3-a8bb-b52fd01f7001', '{"reason": "Local", "meterStop": 1175, "timestamp": "2026-01-01T18:26:20.248Z", "transactionId": 129898}', '2026-01-01 18:26:20'),
	(456, 'STATION_ADVANCED_01', 'Call', 'StatusNotification', '1dcaaa88-e136-4c66-afcb-433533a357a4', '{"status": "Available", "errorCode": "NoError", "timestamp": "2026-01-01T18:26:22.249Z", "connectorId": 1}', '2026-01-01 18:26:22'),
	(457, 'b45', 'Call', 'BootNotification', 'c56b5193-6b02-4512-8575-275ec35a8d98', '{"firmwareVersion": "2.0.0", "chargePointModel": "AT-1000", "chargePointVendor": "Advanced Tester", "chargePointSerialNumber": "SN-b45"}', '2026-01-01 18:26:47'),
	(458, 'b45', 'Call', 'StatusNotification', '200c59f8-10f1-4545-b577-fc680ca65021', '{"status": "Available", "errorCode": "NoError", "timestamp": "2026-01-01T18:26:49.933Z", "connectorId": 1}', '2026-01-01 18:26:49'),
	(459, 'b45', 'Call', 'Authorize', '174be18d-cb72-4cab-b6f4-e506bb5e6290', '{"idTag": "ADVANCED_TAG_001"}', '2026-01-01 18:26:50'),
	(460, 'b45', 'Call', 'StatusNotification', '000ac83f-e3d7-4d30-8b8f-935ab768fcc4', '{"status": "Preparing", "errorCode": "NoError", "timestamp": "2026-01-01T18:26:52.961Z", "connectorId": 1}', '2026-01-01 18:26:52'),
	(461, 'b45', 'Call', 'StartTransaction', '426b3cf6-097e-4666-84e7-5fbc25df8b27', '{"idTag": "ADVANCED_TAG_001", "timestamp": "2026-01-01T18:26:53.968Z", "meterStart": 941, "connectorId": 1}', '2026-01-01 18:26:53'),
	(462, 'b45', 'Call', 'StatusNotification', 'ded0d559-fb68-479a-ab55-4cad1f68f695', '{"status": "Charging", "errorCode": "NoError", "timestamp": "2026-01-01T18:26:55.975Z", "connectorId": 1}', '2026-01-01 18:26:55'),
	(463, 'b45', 'Call', 'MeterValues', '6ae50df0-ef4c-41cb-8e1a-7bef9d607eba', '{"meterValue": [{"timestamp": "2026-01-01T18:27:04.004Z", "sampledValue": [{"unit": "Wh", "value": "950", "measurand": "Energy.Active.Import.Register"}, {"unit": "kW", "value": "9.44", "measurand": "Power.Active.Import"}, {"unit": "V", "value": "223.9", "measurand": "Voltage"}, {"unit": "A", "value": "24.34", "measurand": "Current.Import"}, {"unit": "Percent", "value": "20.5", "measurand": "SoC"}]}], "connectorId": 1, "transactionId": 549983}', '2026-01-01 18:27:04'),
	(464, 'b45', 'Call', 'MeterValues', 'ebb59496-5cec-4335-8225-ca43d1cf31c4', '{"meterValue": [{"timestamp": "2026-01-01T18:27:14.005Z", "sampledValue": [{"unit": "Wh", "value": "956", "measurand": "Energy.Active.Import.Register"}, {"unit": "kW", "value": "17.38", "measurand": "Power.Active.Import"}, {"unit": "V", "value": "225.6", "measurand": "Voltage"}, {"unit": "A", "value": "44.48", "measurand": "Current.Import"}, {"unit": "Percent", "value": "20.9", "measurand": "SoC"}]}], "connectorId": 1, "transactionId": 549983}', '2026-01-01 18:27:14'),
	(465, 'b45', 'Call', 'Heartbeat', '68e9a36e-593d-4a59-9ed8-fdd323607546', '{}', '2026-01-01 18:27:16'),
	(466, 'b45', 'Call', 'MeterValues', 'e70fb787-8118-4093-8575-9a628b84a34d', '{"meterValue": [{"timestamp": "2026-01-01T18:27:24.010Z", "sampledValue": [{"unit": "Wh", "value": "967", "measurand": "Energy.Active.Import.Register"}, {"unit": "kW", "value": "22.41", "measurand": "Power.Active.Import"}, {"unit": "V", "value": "238.4", "measurand": "Voltage"}, {"unit": "A", "value": "54.27", "measurand": "Current.Import"}, {"unit": "Percent", "value": "21.2", "measurand": "SoC"}]}], "connectorId": 1, "transactionId": 549983}', '2026-01-01 18:27:24'),
	(467, 'b45', 'Call', 'MeterValues', '35fc5c81-c836-41e5-ba72-718780696112', '{"meterValue": [{"timestamp": "2026-01-01T18:27:34.013Z", "sampledValue": [{"unit": "Wh", "value": "974", "measurand": "Energy.Active.Import.Register"}, {"unit": "kW", "value": "22.08", "measurand": "Power.Active.Import"}, {"unit": "V", "value": "228.8", "measurand": "Voltage"}, {"unit": "A", "value": "55.72", "measurand": "Current.Import"}, {"unit": "Percent", "value": "21.5", "measurand": "SoC"}]}], "connectorId": 1, "transactionId": 549983}', '2026-01-01 18:27:34'),
	(468, 'b45', 'Call', 'MeterValues', 'd7d5c5b1-028d-4a3a-a948-af3768ba5cca', '{"meterValue": [{"timestamp": "2026-01-01T18:27:44.026Z", "sampledValue": [{"unit": "Wh", "value": "979", "measurand": "Energy.Active.Import.Register"}, {"unit": "kW", "value": "17.03", "measurand": "Power.Active.Import"}, {"unit": "V", "value": "229.5", "measurand": "Voltage"}, {"unit": "A", "value": "42.84", "measurand": "Current.Import"}, {"unit": "Percent", "value": "21.9", "measurand": "SoC"}]}], "connectorId": 1, "transactionId": 549983}', '2026-01-01 18:27:44'),
	(469, 'b45', 'Call', 'Heartbeat', '05f6f40c-eb10-4b85-bd70-675c35cc3155', '{}', '2026-01-01 18:27:46'),
	(470, 'b45', 'Call', 'MeterValues', 'f1b89915-487e-4aad-ba27-56eb7538e37d', '{"meterValue": [{"timestamp": "2026-01-01T18:27:54.037Z", "sampledValue": [{"unit": "Wh", "value": "993", "measurand": "Energy.Active.Import.Register"}, {"unit": "kW", "value": "12.14", "measurand": "Power.Active.Import"}, {"unit": "V", "value": "236.4", "measurand": "Voltage"}, {"unit": "A", "value": "29.65", "measurand": "Current.Import"}, {"unit": "Percent", "value": "22.2", "measurand": "SoC"}]}], "connectorId": 1, "transactionId": 549983}', '2026-01-01 18:27:54'),
	(471, 'b45', 'Call', 'StopTransaction', 'eb4ae79a-6325-48b8-9554-b5ddf47f041e', '{"reason": "Local", "meterStop": 993, "timestamp": "2026-01-01T18:27:58.374Z", "transactionId": 549983}', '2026-01-01 18:27:58'),
	(472, 'b45', 'Call', 'StatusNotification', 'a51e887a-bf57-4856-a9af-06a63b690c9c', '{"status": "Available", "errorCode": "NoError", "timestamp": "2026-01-01T18:28:00.377Z", "connectorId": 1}', '2026-01-01 18:28:00'),
	(473, 'cuy', 'Call', 'BootNotification', '5c35fa3a-8155-40c2-8108-646d915702ca', '{"firmwareVersion": "2.0.0", "chargePointModel": "AT-1000", "chargePointVendor": "Advanced Tester", "chargePointSerialNumber": "SN-cuy"}', '2026-01-01 18:31:46'),
	(474, 'cuy', 'Call', 'StatusNotification', 'd5a3335f-bb61-471e-8879-d7ca065bcbd1', '{"status": "Available", "errorCode": "NoError", "timestamp": "2026-01-01T18:31:48.352Z", "connectorId": 1}', '2026-01-01 18:31:48'),
	(475, 'cuy', 'Call', 'Authorize', 'db25e02c-a36a-4e4f-98fa-55722a8500d8', '{"idTag": "ADVANCED_TAG_001"}', '2026-01-01 18:31:49'),
	(476, 'cuy', 'Call', 'StatusNotification', 'd6cc692c-cb0f-4d4e-88d6-9023edba2bca', '{"status": "Preparing", "errorCode": "NoError", "timestamp": "2026-01-01T18:31:51.376Z", "connectorId": 1}', '2026-01-01 18:31:51'),
	(477, 'cuy', 'Call', 'StartTransaction', 'f9591153-8d42-4b26-8525-f711b9a8f19e', '{"idTag": "ADVANCED_TAG_001", "timestamp": "2026-01-01T18:31:52.389Z", "meterStart": 870, "connectorId": 1}', '2026-01-01 18:31:52'),
	(478, 'cuy', 'Call', 'StatusNotification', 'cb5efb63-8671-464b-81f5-eeda738451d3', '{"status": "Charging", "errorCode": "NoError", "timestamp": "2026-01-01T18:31:54.398Z", "connectorId": 1}', '2026-01-01 18:31:54'),
	(479, 'cuy', 'Call', 'MeterValues', 'd3a1e134-212b-425c-bc9a-4dc72a37aef5', '{"meterValue": [{"timestamp": "2026-01-01T18:32:02.411Z", "sampledValue": [{"unit": "Wh", "value": "880", "measurand": "Energy.Active.Import.Register"}, {"unit": "kW", "value": "13.43", "measurand": "Power.Active.Import"}, {"unit": "V", "value": "234.9", "measurand": "Voltage"}, {"unit": "A", "value": "33.01", "measurand": "Current.Import"}, {"unit": "Percent", "value": "20.5", "measurand": "SoC"}]}], "connectorId": 1, "transactionId": 707879}', '2026-01-01 18:32:02'),
	(480, 'cuy', 'Call', 'MeterValues', 'c88b687a-c564-4377-b73b-df8690bed950', '{"meterValue": [{"timestamp": "2026-01-01T18:32:12.412Z", "sampledValue": [{"unit": "Wh", "value": "887", "measurand": "Energy.Active.Import.Register"}, {"unit": "kW", "value": "22.70", "measurand": "Power.Active.Import"}, {"unit": "V", "value": "220.2", "measurand": "Voltage"}, {"unit": "A", "value": "59.52", "measurand": "Current.Import"}, {"unit": "Percent", "value": "20.9", "measurand": "SoC"}]}], "connectorId": 1, "transactionId": 707879}', '2026-01-01 18:32:12'),
	(481, 'cuy', 'Call', 'Heartbeat', 'e2a9c51c-8d34-4ebc-95a3-b1940e3897b6', '{}', '2026-01-01 18:32:15'),
	(482, 'cuy', 'Call', 'MeterValues', '73c54f50-0388-4f48-87ab-5f6f2af1d7ba', '{"meterValue": [{"timestamp": "2026-01-01T18:32:22.413Z", "sampledValue": [{"unit": "Wh", "value": "900", "measurand": "Energy.Active.Import.Register"}, {"unit": "kW", "value": "8.33", "measurand": "Power.Active.Import"}, {"unit": "V", "value": "237.4", "measurand": "Voltage"}, {"unit": "A", "value": "20.26", "measurand": "Current.Import"}, {"unit": "Percent", "value": "21.2", "measurand": "SoC"}]}], "connectorId": 1, "transactionId": 707879}', '2026-01-01 18:32:22'),
	(483, 'cuy', 'Call', 'MeterValues', '47aa52ce-3e38-4eff-bcb8-a7dc5e8456c4', '{"meterValue": [{"timestamp": "2026-01-01T18:32:32.425Z", "sampledValue": [{"unit": "Wh", "value": "910", "measurand": "Energy.Active.Import.Register"}, {"unit": "kW", "value": "21.75", "measurand": "Power.Active.Import"}, {"unit": "V", "value": "239.1", "measurand": "Voltage"}, {"unit": "A", "value": "52.52", "measurand": "Current.Import"}, {"unit": "Percent", "value": "21.5", "measurand": "SoC"}]}], "connectorId": 1, "transactionId": 707879}', '2026-01-01 18:32:32'),
	(484, 'cuy', 'Call', 'MeterValues', 'ab98a3a8-04b0-4a2d-ad8a-e5656d5b482d', '{"meterValue": [{"timestamp": "2026-01-01T18:32:42.430Z", "sampledValue": [{"unit": "Wh", "value": "921", "measurand": "Energy.Active.Import.Register"}, {"unit": "kW", "value": "20.02", "measurand": "Power.Active.Import"}, {"unit": "V", "value": "240.0", "measurand": "Voltage"}, {"unit": "A", "value": "48.16", "measurand": "Current.Import"}, {"unit": "Percent", "value": "21.9", "measurand": "SoC"}]}], "connectorId": 1, "transactionId": 707879}', '2026-01-01 18:32:42'),
	(485, 'cuy', 'Call', 'Heartbeat', 'e0b65c93-6dca-403c-99b3-4c0d9c9d8551', '{}', '2026-01-01 18:32:45'),
	(486, 'cuy', 'Call', 'MeterValues', 'eb083041-aed2-4797-a98b-fad12c73dca6', '{"meterValue": [{"timestamp": "2026-01-01T18:32:52.432Z", "sampledValue": [{"unit": "Wh", "value": "934", "measurand": "Energy.Active.Import.Register"}, {"unit": "kW", "value": "21.00", "measurand": "Power.Active.Import"}, {"unit": "V", "value": "230.1", "measurand": "Voltage"}, {"unit": "A", "value": "52.69", "measurand": "Current.Import"}, {"unit": "Percent", "value": "22.2", "measurand": "SoC"}]}], "connectorId": 1, "transactionId": 707879}', '2026-01-01 18:32:52'),
	(487, 'cuy', 'Call', 'StopTransaction', '40d77329-1ba0-4c41-9a1b-502fb8c9fafb', '{"reason": "Local", "meterStop": 934, "timestamp": "2026-01-01T18:32:56.827Z", "transactionId": 707879}', '2026-01-01 18:32:56'),
	(488, 'b45', 'Call', 'BootNotification', '3f5a9942-7528-42f9-a17f-2bb2f48a7e92', '{"firmwareVersion": "2.0.0", "chargePointModel": "AT-1000", "chargePointVendor": "Advanced Tester", "chargePointSerialNumber": "SN-b45"}', '2026-01-01 18:32:58'),
	(489, 'cuy', 'Call', 'StatusNotification', 'f47956cd-23e4-411f-a9c6-80952071be25', '{"status": "Available", "errorCode": "NoError", "timestamp": "2026-01-01T18:32:58.834Z", "connectorId": 1}', '2026-01-01 18:32:58'),
	(490, 'b45', 'Call', 'StatusNotification', '05e5a840-a0f3-4733-a002-b38d38e32518', '{"status": "Available", "errorCode": "NoError", "timestamp": "2026-01-01T18:33:00.172Z", "connectorId": 1}', '2026-01-01 18:33:00'),
	(491, 'b45', 'Call', 'Authorize', '576179aa-bf8f-400f-bb95-77537d53889c', '{"idTag": "ADVANCED_TAG_001"}', '2026-01-01 18:33:01'),
	(492, 'b45', 'Call', 'StatusNotification', '8bd47d5e-b926-4533-8aad-d39992d54454', '{"status": "Preparing", "errorCode": "NoError", "timestamp": "2026-01-01T18:33:03.192Z", "connectorId": 1}', '2026-01-01 18:33:03'),
	(493, 'b45', 'Call', 'StartTransaction', 'a623e7e4-bb9c-428c-8985-7cd42c10d2fe', '{"idTag": "ADVANCED_TAG_001", "timestamp": "2026-01-01T18:33:04.209Z", "meterStart": 1337, "connectorId": 1}', '2026-01-01 18:33:04'),
	(494, 'b45', 'Call', 'StatusNotification', '24b18e09-90c7-4c9d-9700-7ed1c78b40cc', '{"status": "Charging", "errorCode": "NoError", "timestamp": "2026-01-01T18:33:06.225Z", "connectorId": 1}', '2026-01-01 18:33:06'),
	(495, 'cuy', 'Call', 'BootNotification', 'd8762348-67a5-4e54-a215-57af3d370798', '{"firmwareVersion": "2.0.0", "chargePointModel": "AT-1000", "chargePointVendor": "Advanced Tester", "chargePointSerialNumber": "SN-cuy"}', '2026-01-01 18:33:11'),
	(496, 'cuy', 'Call', 'StatusNotification', '00eaf5d3-0720-4ae8-b647-ef03f8b7c702', '{"status": "Available", "errorCode": "NoError", "timestamp": "2026-01-01T18:33:13.362Z", "connectorId": 1}', '2026-01-01 18:33:13'),
	(497, 'b45', 'Call', 'MeterValues', '680b34d6-c972-4067-bcba-477556603f4c', '{"meterValue": [{"timestamp": "2026-01-01T18:33:14.249Z", "sampledValue": [{"unit": "Wh", "value": "1348", "measurand": "Energy.Active.Import.Register"}, {"unit": "kW", "value": "18.37", "measurand": "Power.Active.Import"}, {"unit": "V", "value": "238.4", "measurand": "Voltage"}, {"unit": "A", "value": "44.49", "measurand": "Current.Import"}, {"unit": "Percent", "value": "20.5", "measurand": "SoC"}]}], "connectorId": 1, "transactionId": 856943}', '2026-01-01 18:33:14'),
	(498, 'cuy', 'Call', 'Authorize', 'eb82211b-23b6-40d4-8233-a87a630c4593', '{"idTag": "ADVANCED_TAG_001"}', '2026-01-01 18:33:14'),
	(499, 'cuy', 'Call', 'StatusNotification', '2e5b556a-7875-478a-b839-30b2eb7f3f80', '{"status": "Preparing", "errorCode": "NoError", "timestamp": "2026-01-01T18:33:16.394Z", "connectorId": 1}', '2026-01-01 18:33:16'),
	(500, 'cuy', 'Call', 'StartTransaction', '5f2e0494-b355-438a-9e32-e5f75beb5857', '{"idTag": "ADVANCED_TAG_001", "timestamp": "2026-01-01T18:33:17.409Z", "meterStart": 580, "connectorId": 1}', '2026-01-01 18:33:17'),
	(501, 'cuy', 'Call', 'StatusNotification', '7408836e-6b34-44e4-a5ec-adcc48318415', '{"status": "Charging", "errorCode": "NoError", "timestamp": "2026-01-01T18:33:19.411Z", "connectorId": 1}', '2026-01-01 18:33:19'),
	(502, 'b45', 'Call', 'MeterValues', 'b385f295-89a2-491b-9bad-5ced222005dc', '{"meterValue": [{"timestamp": "2026-01-01T18:33:24.252Z", "sampledValue": [{"unit": "Wh", "value": "1356", "measurand": "Energy.Active.Import.Register"}, {"unit": "kW", "value": "8.38", "measurand": "Power.Active.Import"}, {"unit": "V", "value": "229.0", "measurand": "Voltage"}, {"unit": "A", "value": "21.13", "measurand": "Current.Import"}, {"unit": "Percent", "value": "20.9", "measurand": "SoC"}]}], "connectorId": 1, "transactionId": 856943}', '2026-01-01 18:33:24'),
	(503, 'b45', 'Call', 'Heartbeat', 'd1dae057-5aba-46a4-85ea-4ca76b508ce1', '{}', '2026-01-01 18:33:27'),
	(504, 'cuy', 'Call', 'MeterValues', 'ca8db336-8d72-4912-b051-e4cee48e9ae3', '{"meterValue": [{"timestamp": "2026-01-01T18:33:27.455Z", "sampledValue": [{"unit": "Wh", "value": "594", "measurand": "Energy.Active.Import.Register"}, {"unit": "kW", "value": "11.13", "measurand": "Power.Active.Import"}, {"unit": "V", "value": "227.3", "measurand": "Voltage"}, {"unit": "A", "value": "28.27", "measurand": "Current.Import"}, {"unit": "Percent", "value": "20.5", "measurand": "SoC"}]}], "connectorId": 1, "transactionId": 156860}', '2026-01-01 18:33:27'),
	(505, 'b45', 'Call', 'MeterValues', 'b1b7e54f-3f56-4b0d-a691-60eba0f4d853', '{"meterValue": [{"timestamp": "2026-01-01T18:33:34.265Z", "sampledValue": [{"unit": "Wh", "value": "1369", "measurand": "Energy.Active.Import.Register"}, {"unit": "kW", "value": "8.64", "measurand": "Power.Active.Import"}, {"unit": "V", "value": "231.0", "measurand": "Voltage"}, {"unit": "A", "value": "21.59", "measurand": "Current.Import"}, {"unit": "Percent", "value": "21.2", "measurand": "SoC"}]}], "connectorId": 1, "transactionId": 856943}', '2026-01-01 18:33:34'),
	(506, 'cuy', 'Call', 'MeterValues', '86d46707-cc8d-4fde-836d-cbe7016786a3', '{"meterValue": [{"timestamp": "2026-01-01T18:33:37.456Z", "sampledValue": [{"unit": "Wh", "value": "600", "measurand": "Energy.Active.Import.Register"}, {"unit": "kW", "value": "8.50", "measurand": "Power.Active.Import"}, {"unit": "V", "value": "234.2", "measurand": "Voltage"}, {"unit": "A", "value": "20.95", "measurand": "Current.Import"}, {"unit": "Percent", "value": "20.9", "measurand": "SoC"}]}], "connectorId": 1, "transactionId": 156860}', '2026-01-01 18:33:37'),
	(507, 'cuy', 'Call', 'Heartbeat', 'b2357a93-1fdf-4156-adf9-fe0352492c9d', '{}', '2026-01-01 18:33:40'),
	(508, 'b45', 'Call', 'MeterValues', '929bf1ad-9c5f-4f09-b592-fae580a92077', '{"meterValue": [{"timestamp": "2026-01-01T18:33:44.266Z", "sampledValue": [{"unit": "Wh", "value": "1375", "measurand": "Energy.Active.Import.Register"}, {"unit": "kW", "value": "22.00", "measurand": "Power.Active.Import"}, {"unit": "V", "value": "235.8", "measurand": "Voltage"}, {"unit": "A", "value": "53.87", "measurand": "Current.Import"}, {"unit": "Percent", "value": "21.5", "measurand": "SoC"}]}], "connectorId": 1, "transactionId": 856943}', '2026-01-01 18:33:44'),
	(509, 'cuy', 'Call', 'MeterValues', '413d58a5-02d2-4091-92d6-9e3520989fec', '{"meterValue": [{"timestamp": "2026-01-01T18:33:47.468Z", "sampledValue": [{"unit": "Wh", "value": "612", "measurand": "Energy.Active.Import.Register"}, {"unit": "kW", "value": "14.87", "measurand": "Power.Active.Import"}, {"unit": "V", "value": "237.0", "measurand": "Voltage"}, {"unit": "A", "value": "36.22", "measurand": "Current.Import"}, {"unit": "Percent", "value": "21.2", "measurand": "SoC"}]}], "connectorId": 1, "transactionId": 156860}', '2026-01-01 18:33:47'),
	(510, 'b45', 'Call', 'MeterValues', '01a1949c-0659-4969-acd8-b2ceff7fb21f', '{"meterValue": [{"timestamp": "2026-01-01T18:33:54.268Z", "sampledValue": [{"unit": "Wh", "value": "1384", "measurand": "Energy.Active.Import.Register"}, {"unit": "kW", "value": "6.27", "measurand": "Power.Active.Import"}, {"unit": "V", "value": "226.8", "measurand": "Voltage"}, {"unit": "A", "value": "15.96", "measurand": "Current.Import"}, {"unit": "Percent", "value": "21.9", "measurand": "SoC"}]}], "connectorId": 1, "transactionId": 856943}', '2026-01-01 18:33:54'),
	(511, 'b45', 'Call', 'Heartbeat', 'f04fbecb-0683-4aae-a9e8-87d75d6935f7', '{}', '2026-01-01 18:33:57'),
	(512, 'cuy', 'Call', 'MeterValues', '09e84565-5a8e-4735-b933-ca03996daf2d', '{"meterValue": [{"timestamp": "2026-01-01T18:33:57.474Z", "sampledValue": [{"unit": "Wh", "value": "624", "measurand": "Energy.Active.Import.Register"}, {"unit": "kW", "value": "13.89", "measurand": "Power.Active.Import"}, {"unit": "V", "value": "235.0", "measurand": "Voltage"}, {"unit": "A", "value": "34.13", "measurand": "Current.Import"}, {"unit": "Percent", "value": "21.5", "measurand": "SoC"}]}], "connectorId": 1, "transactionId": 156860}', '2026-01-01 18:33:57'),
	(513, 'b45', 'Call', 'MeterValues', '3fba7bd3-f650-42fe-a24b-a68b73eb60de', '{"meterValue": [{"timestamp": "2026-01-01T18:34:04.272Z", "sampledValue": [{"unit": "Wh", "value": "1393", "measurand": "Energy.Active.Import.Register"}, {"unit": "kW", "value": "9.40", "measurand": "Power.Active.Import"}, {"unit": "V", "value": "230.9", "measurand": "Voltage"}, {"unit": "A", "value": "23.50", "measurand": "Current.Import"}, {"unit": "Percent", "value": "22.2", "measurand": "SoC"}]}], "connectorId": 1, "transactionId": 856943}', '2026-01-01 18:34:04'),
	(514, 'cuy', 'Call', 'MeterValues', '703eae96-4f5f-417d-9294-21de94c5929b', '{"meterValue": [{"timestamp": "2026-01-01T18:34:07.484Z", "sampledValue": [{"unit": "Wh", "value": "632", "measurand": "Energy.Active.Import.Register"}, {"unit": "kW", "value": "23.27", "measurand": "Power.Active.Import"}, {"unit": "V", "value": "238.7", "measurand": "Voltage"}, {"unit": "A", "value": "56.28", "measurand": "Current.Import"}, {"unit": "Percent", "value": "21.9", "measurand": "SoC"}]}], "connectorId": 1, "transactionId": 156860}', '2026-01-01 18:34:07'),
	(515, 'b45', 'Call', 'StopTransaction', '2ebd6cf9-5b79-4dba-ae6f-132b17f6e421', '{"reason": "Local", "meterStop": 1393, "timestamp": "2026-01-01T18:34:08.699Z", "transactionId": 856943}', '2026-01-01 18:34:08'),
	(516, 'cuy', 'Call', 'Heartbeat', 'ff79de1b-817a-47f2-b105-07d89684e356', '{}', '2026-01-01 18:34:10'),
	(517, 'b45', 'Call', 'StatusNotification', 'e58f1224-04c8-4812-a5fa-4c29b2ac147a', '{"status": "Available", "errorCode": "NoError", "timestamp": "2026-01-01T18:34:10.710Z", "connectorId": 1}', '2026-01-01 18:34:10'),
	(518, 'cuy', 'Call', 'MeterValues', 'db4d76d0-04d7-4da2-b8bc-76870c16b88c', '{"meterValue": [{"timestamp": "2026-01-01T18:34:17.494Z", "sampledValue": [{"unit": "Wh", "value": "644", "measurand": "Energy.Active.Import.Register"}, {"unit": "kW", "value": "22.29", "measurand": "Power.Active.Import"}, {"unit": "V", "value": "232.2", "measurand": "Voltage"}, {"unit": "A", "value": "55.42", "measurand": "Current.Import"}, {"unit": "Percent", "value": "22.2", "measurand": "SoC"}]}], "connectorId": 1, "transactionId": 156860}', '2026-01-01 18:34:17'),
	(519, 'cuy', 'Call', 'StopTransaction', 'a30d214f-e222-4e28-bf67-c4052723b09b', '{"reason": "Local", "meterStop": 644, "timestamp": "2026-01-01T18:34:21.955Z", "transactionId": 156860}', '2026-01-01 18:34:21'),
	(520, 'cuy', 'Call', 'StatusNotification', '6a4f20ab-5248-4c5a-9046-1e7f8348ab33', '{"status": "Available", "errorCode": "NoError", "timestamp": "2026-01-01T18:34:23.961Z", "connectorId": 1}', '2026-01-01 18:34:23');

-- Dumping structure for table csms_db.permissions
CREATE TABLE IF NOT EXISTS `permissions` (
  `id` int NOT NULL AUTO_INCREMENT,
  `name` varchar(255) NOT NULL,
  `display_name` varchar(255) NOT NULL,
  `description` text,
  `group_name` varchar(100) DEFAULT NULL,
  `created_at` timestamp NULL DEFAULT CURRENT_TIMESTAMP,
  `updated_at` timestamp NULL DEFAULT CURRENT_TIMESTAMP ON UPDATE CURRENT_TIMESTAMP,
  PRIMARY KEY (`id`),
  UNIQUE KEY `name` (`name`)
) ENGINE=InnoDB AUTO_INCREMENT=31 DEFAULT CHARSET=utf8mb4 COLLATE=utf8mb4_0900_ai_ci;

-- Dumping data for table csms_db.permissions: ~18 rows (approximately)
INSERT INTO `permissions` (`id`, `name`, `display_name`, `description`, `group_name`, `created_at`, `updated_at`) VALUES
	(1, 'users.view', 'View Users', 'Can view user list', 'User Management', '2026-01-01 17:23:17', '2026-01-01 17:23:17'),
	(2, 'users.create', 'Create Users', 'Can create new users', 'User Management', '2026-01-01 17:23:17', '2026-01-01 17:23:17'),
	(3, 'users.edit', 'Edit Users', 'Can edit user details', 'User Management', '2026-01-01 17:23:17', '2026-01-01 17:23:17'),
	(4, 'users.delete', 'Delete Users', 'Can delete users', 'User Management', '2026-01-01 17:23:17', '2026-01-01 17:23:17'),
	(5, 'stations.view', 'View Stations', 'Can view charging stations', 'Station Management', '2026-01-01 17:23:17', '2026-01-01 17:23:17'),
	(6, 'stations.create', 'Create Stations', 'Can create new stations', 'Station Management', '2026-01-01 17:23:17', '2026-01-01 17:23:17'),
	(7, 'stations.edit', 'Edit Stations', 'Can edit station details', 'Station Management', '2026-01-01 17:23:17', '2026-01-01 17:23:17'),
	(8, 'stations.delete', 'Delete Stations', 'Can delete stations', 'Station Management', '2026-01-01 17:23:17', '2026-01-01 17:23:17'),
	(9, 'transactions.view', 'View Transactions', 'Can view transactions', 'Transaction Management', '2026-01-01 17:23:17', '2026-01-01 17:23:17'),
	(10, 'transactions.manage', 'Manage Transactions', 'Can manage transactions', 'Transaction Management', '2026-01-01 17:23:17', '2026-01-01 17:23:17'),
	(11, 'monitoring.view', 'View Monitoring', 'Can view monitoring dashboard', 'Monitoring', '2026-01-01 17:23:17', '2026-01-01 17:23:17'),
	(12, 'monitoring.control', 'Control Stations', 'Can control station operations', 'Monitoring', '2026-01-01 17:23:17', '2026-01-01 17:23:17'),
	(13, 'roles.view', 'View Roles', 'Can view roles', 'Role Management', '2026-01-01 17:23:17', '2026-01-01 17:23:17'),
	(14, 'roles.create', 'Create Roles', 'Can create new roles', 'Role Management', '2026-01-01 17:23:17', '2026-01-01 17:23:17'),
	(15, 'roles.edit', 'Edit Roles', 'Can edit roles', 'Role Management', '2026-01-01 17:23:17', '2026-01-01 17:23:17'),
	(16, 'roles.delete', 'Delete Roles', 'Can delete roles', 'Role Management', '2026-01-01 17:23:17', '2026-01-01 17:23:17'),
	(17, 'permissions.view', 'View Permissions', 'Can view permissions', 'Permission Management', '2026-01-01 17:23:17', '2026-01-01 17:23:17'),
	(18, 'system.admin', 'System Administration', 'Full system access', 'System', '2026-01-01 17:23:17', '2026-01-01 17:23:17');

-- Dumping structure for table csms_db.roles
CREATE TABLE IF NOT EXISTS `roles` (
  `id` int NOT NULL AUTO_INCREMENT,
  `name` varchar(255) NOT NULL,
  `display_name` varchar(255) NOT NULL,
  `description` text,
  `created_at` timestamp NULL DEFAULT CURRENT_TIMESTAMP,
  `updated_at` timestamp NULL DEFAULT CURRENT_TIMESTAMP ON UPDATE CURRENT_TIMESTAMP,
  PRIMARY KEY (`id`),
  UNIQUE KEY `name` (`name`)
) ENGINE=InnoDB AUTO_INCREMENT=8 DEFAULT CHARSET=utf8mb4 COLLATE=utf8mb4_0900_ai_ci;

-- Dumping data for table csms_db.roles: ~4 rows (approximately)
INSERT INTO `roles` (`id`, `name`, `display_name`, `description`, `created_at`, `updated_at`) VALUES
	(1, 'super-admin', 'Super Administrator', 'Full system access', '2026-01-01 17:23:17', '2026-01-01 17:23:17'),
	(2, 'admin', 'Administrator', 'Administrative access', '2026-01-01 17:23:17', '2026-01-01 17:23:17'),
	(3, 'operator', 'Operator', 'Operational access', '2026-01-01 17:23:17', '2026-01-01 17:23:17'),
	(4, 'viewer', 'Viewer', 'Read-only access', '2026-01-01 17:23:17', '2026-01-01 17:23:17');

-- Dumping structure for table csms_db.role_permissions
CREATE TABLE IF NOT EXISTS `role_permissions` (
  `id` int NOT NULL AUTO_INCREMENT,
  `role_id` int NOT NULL,
  `permission_id` int NOT NULL,
  PRIMARY KEY (`id`),
  UNIQUE KEY `unique_role_permission` (`role_id`,`permission_id`),
  KEY `permission_id` (`permission_id`),
  CONSTRAINT `role_permissions_ibfk_1` FOREIGN KEY (`role_id`) REFERENCES `roles` (`id`) ON DELETE CASCADE,
  CONSTRAINT `role_permissions_ibfk_2` FOREIGN KEY (`permission_id`) REFERENCES `permissions` (`id`) ON DELETE CASCADE
) ENGINE=InnoDB AUTO_INCREMENT=104 DEFAULT CHARSET=utf8mb4 COLLATE=utf8mb4_0900_ai_ci;

-- Dumping data for table csms_db.role_permissions: ~0 rows (approximately)
INSERT INTO `role_permissions` (`id`, `role_id`, `permission_id`) VALUES
	(1, 1, 1),
	(2, 1, 2),
	(3, 1, 3),
	(4, 1, 4),
	(5, 1, 5),
	(6, 1, 6),
	(7, 1, 7),
	(8, 1, 8),
	(9, 1, 9),
	(10, 1, 10),
	(11, 1, 11),
	(12, 1, 12),
	(13, 1, 13),
	(14, 1, 14),
	(15, 1, 15),
	(16, 1, 16),
	(17, 1, 17),
	(18, 1, 18),
	(19, 2, 1),
	(20, 2, 2),
	(21, 2, 3),
	(52, 2, 4),
	(22, 2, 5),
	(23, 2, 6),
	(24, 2, 7),
	(45, 2, 8),
	(25, 2, 9),
	(26, 2, 10),
	(27, 2, 11),
	(28, 2, 12),
	(29, 2, 13),
	(40, 2, 14),
	(42, 2, 15),
	(41, 2, 16),
	(39, 2, 17),
	(48, 2, 18),
	(30, 3, 5),
	(31, 3, 9),
	(32, 3, 11),
	(33, 3, 12),
	(103, 4, 11);

-- Dumping structure for table csms_db.transactions
CREATE TABLE IF NOT EXISTS `transactions` (
  `id` int NOT NULL AUTO_INCREMENT,
  `transaction_id` int NOT NULL,
  `charging_station_id` int DEFAULT NULL,
  `connector_id` int DEFAULT NULL,
  `id_tag` varchar(20) NOT NULL,
  `meter_start` int DEFAULT '0',
  `meter_stop` int DEFAULT '0',
  `start_timestamp` timestamp NULL DEFAULT CURRENT_TIMESTAMP,
  `stop_timestamp` timestamp NULL DEFAULT NULL,
  `status` enum('active','completed','stopped') DEFAULT 'active',
  `energy_consumed` decimal(10,3) DEFAULT '0.000' COMMENT 'Energy consumed in kWh',
  `max_power` decimal(8,2) DEFAULT '0.00' COMMENT 'Maximum power in kW',
  `soc` decimal(5,2) DEFAULT NULL,
  PRIMARY KEY (`id`),
  UNIQUE KEY `transaction_id` (`transaction_id`),
  KEY `charging_station_id` (`charging_station_id`),
  CONSTRAINT `transactions_ibfk_1` FOREIGN KEY (`charging_station_id`) REFERENCES `charging_stations` (`id`) ON DELETE CASCADE
) ENGINE=InnoDB AUTO_INCREMENT=38 DEFAULT CHARSET=utf8mb4 COLLATE=utf8mb4_0900_ai_ci;

-- Dumping data for table csms_db.transactions: ~0 rows (approximately)
INSERT INTO `transactions` (`id`, `transaction_id`, `charging_station_id`, `connector_id`, `id_tag`, `meter_start`, `meter_stop`, `start_timestamp`, `stop_timestamp`, `status`, `energy_consumed`, `max_power`, `soc`) VALUES
	(33, 129898, 3, 1, 'ADVANCED_TAG_001', 1121, 1175, '2026-01-01 18:25:15', '2026-01-01 18:26:20', 'completed', 0.054, 23.40, 22.20),
	(34, 549983, 5, 1, 'ADVANCED_TAG_001', 941, 993, '2026-01-01 18:26:53', '2026-01-01 18:27:58', 'completed', 0.052, 22.41, 22.20),
	(35, 707879, 6, 1, 'ADVANCED_TAG_001', 870, 934, '2026-01-01 18:31:52', '2026-01-01 18:32:56', 'completed', 0.064, 22.70, 22.20),
	(36, 856943, 5, 1, 'ADVANCED_TAG_001', 1337, 1393, '2026-01-01 18:33:04', '2026-01-01 18:34:08', 'completed', 0.056, 22.00, 22.20),
	(37, 156860, 6, 1, 'ADVANCED_TAG_001', 580, 644, '2026-01-01 18:33:17', '2026-01-01 18:34:21', 'completed', 0.064, 23.27, 22.20);

-- Dumping structure for table csms_db.users
CREATE TABLE IF NOT EXISTS `users` (
  `id` int NOT NULL AUTO_INCREMENT,
  `username` varchar(50) NOT NULL,
  `email` varchar(100) NOT NULL,
  `password` varchar(255) NOT NULL,
  `role` enum('admin','operator') DEFAULT 'operator',
  `created_at` timestamp NULL DEFAULT CURRENT_TIMESTAMP,
  `roles` json DEFAULT NULL,
  `permissions` json DEFAULT NULL,
  `updated_at` timestamp NULL DEFAULT CURRENT_TIMESTAMP ON UPDATE CURRENT_TIMESTAMP,
  PRIMARY KEY (`id`),
  UNIQUE KEY `username` (`username`),
  UNIQUE KEY `email` (`email`)
) ENGINE=InnoDB AUTO_INCREMENT=8 DEFAULT CHARSET=utf8mb4 COLLATE=utf8mb4_0900_ai_ci;

-- Dumping data for table csms_db.users: ~3 rows (approximately)
INSERT INTO `users` (`id`, `username`, `email`, `password`, `role`, `created_at`, `roles`, `permissions`, `updated_at`) VALUES
	(1, 'admin', 'admin@csms.com', '$2a$10$Dfb8MkPbKrPl.5drg9T8reRcnuoemCkOw1HgAvogfS5Xdd9K/bQxW', 'admin', '2025-12-20 18:00:59', '["admin"]', '[]', '2026-01-01 17:19:46'),
	(5, 'superadmin', 'superadmin@csms.com', '$2a$10$Dfb8MkPbKrPl.5drg9T8reRcnuoemCkOw1HgAvogfS5Xdd9K/bQxW', 'operator', '2026-01-01 17:19:46', '["super-admin"]', '[]', '2026-01-01 17:19:46'),
	(6, 'baskorocr', 'baskorocr@gmail.com', '$2a$10$IvTkDkVSVfnicWX0WX.iUeNOxrU066qJSpsSgIviPCH6ksH4bBaMC', 'operator', '2026-01-01 17:43:25', NULL, NULL, '2026-01-01 17:43:25');

-- Dumping structure for table csms_db.user_permissions
CREATE TABLE IF NOT EXISTS `user_permissions` (
  `id` int NOT NULL AUTO_INCREMENT,
  `user_id` int NOT NULL,
  `permission_id` int NOT NULL,
  PRIMARY KEY (`id`),
  UNIQUE KEY `unique_user_permission` (`user_id`,`permission_id`),
  KEY `permission_id` (`permission_id`),
  CONSTRAINT `user_permissions_ibfk_1` FOREIGN KEY (`user_id`) REFERENCES `users` (`id`) ON DELETE CASCADE,
  CONSTRAINT `user_permissions_ibfk_2` FOREIGN KEY (`permission_id`) REFERENCES `permissions` (`id`) ON DELETE CASCADE
) ENGINE=InnoDB DEFAULT CHARSET=utf8mb4 COLLATE=utf8mb4_0900_ai_ci;

-- Dumping data for table csms_db.user_permissions: ~0 rows (approximately)

-- Dumping structure for table csms_db.user_roles
CREATE TABLE IF NOT EXISTS `user_roles` (
  `id` int NOT NULL AUTO_INCREMENT,
  `user_id` int NOT NULL,
  `role_id` int NOT NULL,
  PRIMARY KEY (`id`),
  UNIQUE KEY `unique_user_role` (`user_id`,`role_id`),
  KEY `role_id` (`role_id`),
  CONSTRAINT `user_roles_ibfk_1` FOREIGN KEY (`user_id`) REFERENCES `users` (`id`) ON DELETE CASCADE,
  CONSTRAINT `user_roles_ibfk_2` FOREIGN KEY (`role_id`) REFERENCES `roles` (`id`) ON DELETE CASCADE
) ENGINE=InnoDB AUTO_INCREMENT=17 DEFAULT CHARSET=utf8mb4 COLLATE=utf8mb4_0900_ai_ci;

-- Dumping data for table csms_db.user_roles: ~3 rows (approximately)
INSERT INTO `user_roles` (`id`, `user_id`, `role_id`) VALUES
	(1, 1, 2),
	(2, 5, 1),
	(16, 6, 4);

/*!40103 SET TIME_ZONE=IFNULL(@OLD_TIME_ZONE, 'system') */;
/*!40101 SET SQL_MODE=IFNULL(@OLD_SQL_MODE, '') */;
/*!40014 SET FOREIGN_KEY_CHECKS=IFNULL(@OLD_FOREIGN_KEY_CHECKS, 1) */;
/*!40101 SET CHARACTER_SET_CLIENT=@OLD_CHARACTER_SET_CLIENT */;
/*!40111 SET SQL_NOTES=IFNULL(@OLD_SQL_NOTES, 1) */;
